DROP DATABASE IF EXISTS `enes2013`;
CREATE DATABASE IF NOT EXISTS `enes2013`;
USE `enes2013`;

#
# Table structure for table 'tblCodsConcelho'
#

DROP TABLE IF EXISTS `tblCodsConcelho`;

CREATE TABLE `tblCodsConcelho` (
  `Distrito` VARCHAR(2) NOT NULL, 
  `Concelho` VARCHAR(2) NOT NULL, 
  `Descr` VARCHAR(30), 
  PRIMARY KEY (`Distrito`, `Concelho`)
) ENGINE=myisam DEFAULT CHARSET=utf8;

SET autocommit=1;

#
# Dumping data for table 'tblCodsConcelho'
#

INSERT INTO `tblCodsConcelho` (`Distrito`, `Concelho`, `Descr`) VALUES ('01', '01', 'Águeda');
INSERT INTO `tblCodsConcelho` (`Distrito`, `Concelho`, `Descr`) VALUES ('01', '02', 'Albergaria-a-Velha');
INSERT INTO `tblCodsConcelho` (`Distrito`, `Concelho`, `Descr`) VALUES ('01', '03', 'Anadia');
INSERT INTO `tblCodsConcelho` (`Distrito`, `Concelho`, `Descr`) VALUES ('01', '04', 'Arouca');
INSERT INTO `tblCodsConcelho` (`Distrito`, `Concelho`, `Descr`) VALUES ('01', '05', 'Aveiro');
INSERT INTO `tblCodsConcelho` (`Distrito`, `Concelho`, `Descr`) VALUES ('01', '06', 'Castelo de Paiva');
INSERT INTO `tblCodsConcelho` (`Distrito`, `Concelho`, `Descr`) VALUES ('01', '07', 'Espinho');
INSERT INTO `tblCodsConcelho` (`Distrito`, `Concelho`, `Descr`) VALUES ('01', '08', 'Estarreja');
INSERT INTO `tblCodsConcelho` (`Distrito`, `Concelho`, `Descr`) VALUES ('01', '09', 'Santa Maria da Feira');
INSERT INTO `tblCodsConcelho` (`Distrito`, `Concelho`, `Descr`) VALUES ('01', '10', 'Ílhavo');
INSERT INTO `tblCodsConcelho` (`Distrito`, `Concelho`, `Descr`) VALUES ('01', '11', 'Mealhada');
INSERT INTO `tblCodsConcelho` (`Distrito`, `Concelho`, `Descr`) VALUES ('01', '12', 'Murtosa');
INSERT INTO `tblCodsConcelho` (`Distrito`, `Concelho`, `Descr`) VALUES ('01', '13', 'Oliveira de Azeméis');
INSERT INTO `tblCodsConcelho` (`Distrito`, `Concelho`, `Descr`) VALUES ('01', '14', 'Oliveira do Bairro');
INSERT INTO `tblCodsConcelho` (`Distrito`, `Concelho`, `Descr`) VALUES ('01', '15', 'Ovar');
INSERT INTO `tblCodsConcelho` (`Distrito`, `Concelho`, `Descr`) VALUES ('01', '16', 'São João da Madeira');
INSERT INTO `tblCodsConcelho` (`Distrito`, `Concelho`, `Descr`) VALUES ('01', '17', 'Sever do Vouga');
INSERT INTO `tblCodsConcelho` (`Distrito`, `Concelho`, `Descr`) VALUES ('01', '18', 'Vagos');
INSERT INTO `tblCodsConcelho` (`Distrito`, `Concelho`, `Descr`) VALUES ('01', '19', 'Vale de Cambra');
INSERT INTO `tblCodsConcelho` (`Distrito`, `Concelho`, `Descr`) VALUES ('02', '01', 'Aljustrel');
INSERT INTO `tblCodsConcelho` (`Distrito`, `Concelho`, `Descr`) VALUES ('02', '02', 'Almodôvar');
INSERT INTO `tblCodsConcelho` (`Distrito`, `Concelho`, `Descr`) VALUES ('02', '03', 'Alvito');
INSERT INTO `tblCodsConcelho` (`Distrito`, `Concelho`, `Descr`) VALUES ('02', '04', 'Barrancos');
INSERT INTO `tblCodsConcelho` (`Distrito`, `Concelho`, `Descr`) VALUES ('02', '05', 'Beja');
INSERT INTO `tblCodsConcelho` (`Distrito`, `Concelho`, `Descr`) VALUES ('02', '06', 'Castro Verde');
INSERT INTO `tblCodsConcelho` (`Distrito`, `Concelho`, `Descr`) VALUES ('02', '07', 'Cuba');
INSERT INTO `tblCodsConcelho` (`Distrito`, `Concelho`, `Descr`) VALUES ('02', '08', 'Ferreira do Alentejo');
INSERT INTO `tblCodsConcelho` (`Distrito`, `Concelho`, `Descr`) VALUES ('02', '09', 'Mértola');
INSERT INTO `tblCodsConcelho` (`Distrito`, `Concelho`, `Descr`) VALUES ('02', '10', 'Moura');
INSERT INTO `tblCodsConcelho` (`Distrito`, `Concelho`, `Descr`) VALUES ('02', '11', 'Odemira');
INSERT INTO `tblCodsConcelho` (`Distrito`, `Concelho`, `Descr`) VALUES ('02', '12', 'Ourique');
INSERT INTO `tblCodsConcelho` (`Distrito`, `Concelho`, `Descr`) VALUES ('02', '13', 'Serpa');
INSERT INTO `tblCodsConcelho` (`Distrito`, `Concelho`, `Descr`) VALUES ('02', '14', 'Vidigueira');
INSERT INTO `tblCodsConcelho` (`Distrito`, `Concelho`, `Descr`) VALUES ('03', '01', 'Amares');
INSERT INTO `tblCodsConcelho` (`Distrito`, `Concelho`, `Descr`) VALUES ('03', '02', 'Barcelos');
INSERT INTO `tblCodsConcelho` (`Distrito`, `Concelho`, `Descr`) VALUES ('03', '03', 'Braga');
INSERT INTO `tblCodsConcelho` (`Distrito`, `Concelho`, `Descr`) VALUES ('03', '04', 'Cabeceiras de Basto');
INSERT INTO `tblCodsConcelho` (`Distrito`, `Concelho`, `Descr`) VALUES ('03', '05', 'Celorico de Basto');
INSERT INTO `tblCodsConcelho` (`Distrito`, `Concelho`, `Descr`) VALUES ('03', '06', 'Esposende');
INSERT INTO `tblCodsConcelho` (`Distrito`, `Concelho`, `Descr`) VALUES ('03', '07', 'Fafe');
INSERT INTO `tblCodsConcelho` (`Distrito`, `Concelho`, `Descr`) VALUES ('03', '08', 'Guimarães');
INSERT INTO `tblCodsConcelho` (`Distrito`, `Concelho`, `Descr`) VALUES ('03', '09', 'Póvoa de Lanhoso');
INSERT INTO `tblCodsConcelho` (`Distrito`, `Concelho`, `Descr`) VALUES ('03', '10', 'Terras de Bouro');
INSERT INTO `tblCodsConcelho` (`Distrito`, `Concelho`, `Descr`) VALUES ('03', '11', 'Vieira do Minho');
INSERT INTO `tblCodsConcelho` (`Distrito`, `Concelho`, `Descr`) VALUES ('03', '12', 'Vila Nova de Famalicão');
INSERT INTO `tblCodsConcelho` (`Distrito`, `Concelho`, `Descr`) VALUES ('03', '13', 'Vila Verde');
INSERT INTO `tblCodsConcelho` (`Distrito`, `Concelho`, `Descr`) VALUES ('03', '14', 'Vizela');
INSERT INTO `tblCodsConcelho` (`Distrito`, `Concelho`, `Descr`) VALUES ('04', '01', 'Alfândega da Fé');
INSERT INTO `tblCodsConcelho` (`Distrito`, `Concelho`, `Descr`) VALUES ('04', '02', 'Bragança');
INSERT INTO `tblCodsConcelho` (`Distrito`, `Concelho`, `Descr`) VALUES ('04', '03', 'Carrazeda de Ansiães');
INSERT INTO `tblCodsConcelho` (`Distrito`, `Concelho`, `Descr`) VALUES ('04', '04', 'Freixo de Espada à Cinta');
INSERT INTO `tblCodsConcelho` (`Distrito`, `Concelho`, `Descr`) VALUES ('04', '05', 'Macedo de Cavaleiros');
INSERT INTO `tblCodsConcelho` (`Distrito`, `Concelho`, `Descr`) VALUES ('04', '06', 'Miranda do Douro');
INSERT INTO `tblCodsConcelho` (`Distrito`, `Concelho`, `Descr`) VALUES ('04', '07', 'Mirandela');
INSERT INTO `tblCodsConcelho` (`Distrito`, `Concelho`, `Descr`) VALUES ('04', '08', 'Mogadouro');
INSERT INTO `tblCodsConcelho` (`Distrito`, `Concelho`, `Descr`) VALUES ('04', '09', 'Torre de Moncorvo');
INSERT INTO `tblCodsConcelho` (`Distrito`, `Concelho`, `Descr`) VALUES ('04', '10', 'Vila Flor');
INSERT INTO `tblCodsConcelho` (`Distrito`, `Concelho`, `Descr`) VALUES ('04', '11', 'Vimioso');
INSERT INTO `tblCodsConcelho` (`Distrito`, `Concelho`, `Descr`) VALUES ('04', '12', 'Vinhais');
INSERT INTO `tblCodsConcelho` (`Distrito`, `Concelho`, `Descr`) VALUES ('05', '01', 'Belmonte');
INSERT INTO `tblCodsConcelho` (`Distrito`, `Concelho`, `Descr`) VALUES ('05', '02', 'Castelo Branco');
INSERT INTO `tblCodsConcelho` (`Distrito`, `Concelho`, `Descr`) VALUES ('05', '03', 'Covilhã');
INSERT INTO `tblCodsConcelho` (`Distrito`, `Concelho`, `Descr`) VALUES ('05', '04', 'Fundão');
INSERT INTO `tblCodsConcelho` (`Distrito`, `Concelho`, `Descr`) VALUES ('05', '05', 'Idanha-a-Nova');
INSERT INTO `tblCodsConcelho` (`Distrito`, `Concelho`, `Descr`) VALUES ('05', '06', 'Oleiros');
INSERT INTO `tblCodsConcelho` (`Distrito`, `Concelho`, `Descr`) VALUES ('05', '07', 'Penamacor');
INSERT INTO `tblCodsConcelho` (`Distrito`, `Concelho`, `Descr`) VALUES ('05', '08', 'Proença-a-Nova');
INSERT INTO `tblCodsConcelho` (`Distrito`, `Concelho`, `Descr`) VALUES ('05', '09', 'Sertã');
INSERT INTO `tblCodsConcelho` (`Distrito`, `Concelho`, `Descr`) VALUES ('05', '10', 'Vila de Rei');
INSERT INTO `tblCodsConcelho` (`Distrito`, `Concelho`, `Descr`) VALUES ('05', '11', 'Vila Velha de Ródão');
INSERT INTO `tblCodsConcelho` (`Distrito`, `Concelho`, `Descr`) VALUES ('06', '01', 'Arganil');
INSERT INTO `tblCodsConcelho` (`Distrito`, `Concelho`, `Descr`) VALUES ('06', '02', 'Cantanhede');
INSERT INTO `tblCodsConcelho` (`Distrito`, `Concelho`, `Descr`) VALUES ('06', '03', 'Coimbra');
INSERT INTO `tblCodsConcelho` (`Distrito`, `Concelho`, `Descr`) VALUES ('06', '04', 'Condeixa-a-Nova');
INSERT INTO `tblCodsConcelho` (`Distrito`, `Concelho`, `Descr`) VALUES ('06', '05', 'Figueira da Foz');
INSERT INTO `tblCodsConcelho` (`Distrito`, `Concelho`, `Descr`) VALUES ('06', '06', 'Góis');
INSERT INTO `tblCodsConcelho` (`Distrito`, `Concelho`, `Descr`) VALUES ('06', '07', 'Lousã');
INSERT INTO `tblCodsConcelho` (`Distrito`, `Concelho`, `Descr`) VALUES ('06', '08', 'Mira');
INSERT INTO `tblCodsConcelho` (`Distrito`, `Concelho`, `Descr`) VALUES ('06', '09', 'Miranda do Corvo');
INSERT INTO `tblCodsConcelho` (`Distrito`, `Concelho`, `Descr`) VALUES ('06', '10', 'Montemor-o-Velho');
INSERT INTO `tblCodsConcelho` (`Distrito`, `Concelho`, `Descr`) VALUES ('06', '11', 'Oliveira do Hospital');
INSERT INTO `tblCodsConcelho` (`Distrito`, `Concelho`, `Descr`) VALUES ('06', '12', 'Pampilhosa da Serra');
INSERT INTO `tblCodsConcelho` (`Distrito`, `Concelho`, `Descr`) VALUES ('06', '13', 'Penacova');
INSERT INTO `tblCodsConcelho` (`Distrito`, `Concelho`, `Descr`) VALUES ('06', '14', 'Penela');
INSERT INTO `tblCodsConcelho` (`Distrito`, `Concelho`, `Descr`) VALUES ('06', '15', 'Soure');
INSERT INTO `tblCodsConcelho` (`Distrito`, `Concelho`, `Descr`) VALUES ('06', '16', 'Tábua');
INSERT INTO `tblCodsConcelho` (`Distrito`, `Concelho`, `Descr`) VALUES ('06', '17', 'Vila Nova de Poiares');
INSERT INTO `tblCodsConcelho` (`Distrito`, `Concelho`, `Descr`) VALUES ('07', '01', 'Alandroal');
INSERT INTO `tblCodsConcelho` (`Distrito`, `Concelho`, `Descr`) VALUES ('07', '02', 'Arraiolos');
INSERT INTO `tblCodsConcelho` (`Distrito`, `Concelho`, `Descr`) VALUES ('07', '03', 'Borba');
INSERT INTO `tblCodsConcelho` (`Distrito`, `Concelho`, `Descr`) VALUES ('07', '04', 'Estremoz');
INSERT INTO `tblCodsConcelho` (`Distrito`, `Concelho`, `Descr`) VALUES ('07', '05', 'Évora');
INSERT INTO `tblCodsConcelho` (`Distrito`, `Concelho`, `Descr`) VALUES ('07', '06', 'Montemor-o-Novo');
INSERT INTO `tblCodsConcelho` (`Distrito`, `Concelho`, `Descr`) VALUES ('07', '07', 'Mora');
INSERT INTO `tblCodsConcelho` (`Distrito`, `Concelho`, `Descr`) VALUES ('07', '08', 'Mourão');
INSERT INTO `tblCodsConcelho` (`Distrito`, `Concelho`, `Descr`) VALUES ('07', '09', 'Portel');
INSERT INTO `tblCodsConcelho` (`Distrito`, `Concelho`, `Descr`) VALUES ('07', '10', 'Redondo');
INSERT INTO `tblCodsConcelho` (`Distrito`, `Concelho`, `Descr`) VALUES ('07', '11', 'Reguengos de Monsaraz');
INSERT INTO `tblCodsConcelho` (`Distrito`, `Concelho`, `Descr`) VALUES ('07', '12', 'Vendas Novas');
INSERT INTO `tblCodsConcelho` (`Distrito`, `Concelho`, `Descr`) VALUES ('07', '13', 'Viana do Alentejo');
INSERT INTO `tblCodsConcelho` (`Distrito`, `Concelho`, `Descr`) VALUES ('07', '14', 'Vila Viçosa');
INSERT INTO `tblCodsConcelho` (`Distrito`, `Concelho`, `Descr`) VALUES ('08', '01', 'Albufeira');
INSERT INTO `tblCodsConcelho` (`Distrito`, `Concelho`, `Descr`) VALUES ('08', '02', 'Alcoutim');
INSERT INTO `tblCodsConcelho` (`Distrito`, `Concelho`, `Descr`) VALUES ('08', '03', 'Aljezur');
INSERT INTO `tblCodsConcelho` (`Distrito`, `Concelho`, `Descr`) VALUES ('08', '04', 'Castro Marim');
INSERT INTO `tblCodsConcelho` (`Distrito`, `Concelho`, `Descr`) VALUES ('08', '05', 'Faro');
INSERT INTO `tblCodsConcelho` (`Distrito`, `Concelho`, `Descr`) VALUES ('08', '06', 'Lagoa');
INSERT INTO `tblCodsConcelho` (`Distrito`, `Concelho`, `Descr`) VALUES ('08', '07', 'Lagos');
INSERT INTO `tblCodsConcelho` (`Distrito`, `Concelho`, `Descr`) VALUES ('08', '08', 'Loulé');
INSERT INTO `tblCodsConcelho` (`Distrito`, `Concelho`, `Descr`) VALUES ('08', '09', 'Monchique');
INSERT INTO `tblCodsConcelho` (`Distrito`, `Concelho`, `Descr`) VALUES ('08', '10', 'Olhão');
INSERT INTO `tblCodsConcelho` (`Distrito`, `Concelho`, `Descr`) VALUES ('08', '11', 'Portimão');
INSERT INTO `tblCodsConcelho` (`Distrito`, `Concelho`, `Descr`) VALUES ('08', '12', 'São Brás de Alportel');
INSERT INTO `tblCodsConcelho` (`Distrito`, `Concelho`, `Descr`) VALUES ('08', '13', 'Silves');
INSERT INTO `tblCodsConcelho` (`Distrito`, `Concelho`, `Descr`) VALUES ('08', '14', 'Tavira');
INSERT INTO `tblCodsConcelho` (`Distrito`, `Concelho`, `Descr`) VALUES ('08', '15', 'Vila do Bispo');
INSERT INTO `tblCodsConcelho` (`Distrito`, `Concelho`, `Descr`) VALUES ('08', '16', 'Vila Real de Santo António');
INSERT INTO `tblCodsConcelho` (`Distrito`, `Concelho`, `Descr`) VALUES ('09', '01', 'Aguiar da Beira');
INSERT INTO `tblCodsConcelho` (`Distrito`, `Concelho`, `Descr`) VALUES ('09', '02', 'Almeida');
INSERT INTO `tblCodsConcelho` (`Distrito`, `Concelho`, `Descr`) VALUES ('09', '03', 'Celorico da Beira');
INSERT INTO `tblCodsConcelho` (`Distrito`, `Concelho`, `Descr`) VALUES ('09', '04', 'Figueira de Castelo Rodrigo');
INSERT INTO `tblCodsConcelho` (`Distrito`, `Concelho`, `Descr`) VALUES ('09', '05', 'Fornos de Algodres');
INSERT INTO `tblCodsConcelho` (`Distrito`, `Concelho`, `Descr`) VALUES ('09', '06', 'Gouveia');
INSERT INTO `tblCodsConcelho` (`Distrito`, `Concelho`, `Descr`) VALUES ('09', '07', 'Guarda');
INSERT INTO `tblCodsConcelho` (`Distrito`, `Concelho`, `Descr`) VALUES ('09', '08', 'Manteigas');
INSERT INTO `tblCodsConcelho` (`Distrito`, `Concelho`, `Descr`) VALUES ('09', '09', 'Meda');
INSERT INTO `tblCodsConcelho` (`Distrito`, `Concelho`, `Descr`) VALUES ('09', '10', 'Pinhel');
INSERT INTO `tblCodsConcelho` (`Distrito`, `Concelho`, `Descr`) VALUES ('09', '11', 'Sabugal');
INSERT INTO `tblCodsConcelho` (`Distrito`, `Concelho`, `Descr`) VALUES ('09', '12', 'Seia');
INSERT INTO `tblCodsConcelho` (`Distrito`, `Concelho`, `Descr`) VALUES ('09', '13', 'Trancoso');
INSERT INTO `tblCodsConcelho` (`Distrito`, `Concelho`, `Descr`) VALUES ('09', '14', 'Vila Nova de Foz Côa');
INSERT INTO `tblCodsConcelho` (`Distrito`, `Concelho`, `Descr`) VALUES ('10', '01', 'Alcobaça');
INSERT INTO `tblCodsConcelho` (`Distrito`, `Concelho`, `Descr`) VALUES ('10', '02', 'Alvaiázere');
INSERT INTO `tblCodsConcelho` (`Distrito`, `Concelho`, `Descr`) VALUES ('10', '03', 'Ansião');
INSERT INTO `tblCodsConcelho` (`Distrito`, `Concelho`, `Descr`) VALUES ('10', '04', 'Batalha');
INSERT INTO `tblCodsConcelho` (`Distrito`, `Concelho`, `Descr`) VALUES ('10', '05', 'Bombarral');
INSERT INTO `tblCodsConcelho` (`Distrito`, `Concelho`, `Descr`) VALUES ('10', '06', 'Caldas da Rainha');
INSERT INTO `tblCodsConcelho` (`Distrito`, `Concelho`, `Descr`) VALUES ('10', '07', 'Castanheira de Pêra');
INSERT INTO `tblCodsConcelho` (`Distrito`, `Concelho`, `Descr`) VALUES ('10', '08', 'Figueiró dos Vinhos');
INSERT INTO `tblCodsConcelho` (`Distrito`, `Concelho`, `Descr`) VALUES ('10', '09', 'Leiria');
INSERT INTO `tblCodsConcelho` (`Distrito`, `Concelho`, `Descr`) VALUES ('10', '10', 'Marinha Grande');
INSERT INTO `tblCodsConcelho` (`Distrito`, `Concelho`, `Descr`) VALUES ('10', '11', 'Nazaré');
INSERT INTO `tblCodsConcelho` (`Distrito`, `Concelho`, `Descr`) VALUES ('10', '12', 'Óbidos');
INSERT INTO `tblCodsConcelho` (`Distrito`, `Concelho`, `Descr`) VALUES ('10', '13', 'Pedrógão Grande');
INSERT INTO `tblCodsConcelho` (`Distrito`, `Concelho`, `Descr`) VALUES ('10', '14', 'Peniche');
INSERT INTO `tblCodsConcelho` (`Distrito`, `Concelho`, `Descr`) VALUES ('10', '15', 'Pombal');
INSERT INTO `tblCodsConcelho` (`Distrito`, `Concelho`, `Descr`) VALUES ('10', '16', 'Porto de Mós');
INSERT INTO `tblCodsConcelho` (`Distrito`, `Concelho`, `Descr`) VALUES ('11', '01', 'Alenquer');
INSERT INTO `tblCodsConcelho` (`Distrito`, `Concelho`, `Descr`) VALUES ('11', '02', 'Arruda dos Vinhos');
INSERT INTO `tblCodsConcelho` (`Distrito`, `Concelho`, `Descr`) VALUES ('11', '03', 'Azambuja');
INSERT INTO `tblCodsConcelho` (`Distrito`, `Concelho`, `Descr`) VALUES ('11', '04', 'Cadaval');
INSERT INTO `tblCodsConcelho` (`Distrito`, `Concelho`, `Descr`) VALUES ('11', '05', 'Cascais');
INSERT INTO `tblCodsConcelho` (`Distrito`, `Concelho`, `Descr`) VALUES ('11', '06', 'Lisboa');
INSERT INTO `tblCodsConcelho` (`Distrito`, `Concelho`, `Descr`) VALUES ('11', '07', 'Loures');
INSERT INTO `tblCodsConcelho` (`Distrito`, `Concelho`, `Descr`) VALUES ('11', '08', 'Lourinhã');
INSERT INTO `tblCodsConcelho` (`Distrito`, `Concelho`, `Descr`) VALUES ('11', '09', 'Mafra');
INSERT INTO `tblCodsConcelho` (`Distrito`, `Concelho`, `Descr`) VALUES ('11', '10', 'Oeiras');
INSERT INTO `tblCodsConcelho` (`Distrito`, `Concelho`, `Descr`) VALUES ('11', '11', 'Sintra');
INSERT INTO `tblCodsConcelho` (`Distrito`, `Concelho`, `Descr`) VALUES ('11', '12', 'Sobral de Monte Agraço');
INSERT INTO `tblCodsConcelho` (`Distrito`, `Concelho`, `Descr`) VALUES ('11', '13', 'Torres Vedras');
INSERT INTO `tblCodsConcelho` (`Distrito`, `Concelho`, `Descr`) VALUES ('11', '14', 'Vila Franca de Xira');
INSERT INTO `tblCodsConcelho` (`Distrito`, `Concelho`, `Descr`) VALUES ('11', '15', 'Amadora');
INSERT INTO `tblCodsConcelho` (`Distrito`, `Concelho`, `Descr`) VALUES ('11', '16', 'Odivelas');
INSERT INTO `tblCodsConcelho` (`Distrito`, `Concelho`, `Descr`) VALUES ('12', '01', 'Alter do Chão');
INSERT INTO `tblCodsConcelho` (`Distrito`, `Concelho`, `Descr`) VALUES ('12', '02', 'Arronches');
INSERT INTO `tblCodsConcelho` (`Distrito`, `Concelho`, `Descr`) VALUES ('12', '03', 'Avis');
INSERT INTO `tblCodsConcelho` (`Distrito`, `Concelho`, `Descr`) VALUES ('12', '04', 'Campo Maior');
INSERT INTO `tblCodsConcelho` (`Distrito`, `Concelho`, `Descr`) VALUES ('12', '05', 'Castelo de Vide');
INSERT INTO `tblCodsConcelho` (`Distrito`, `Concelho`, `Descr`) VALUES ('12', '06', 'Crato');
INSERT INTO `tblCodsConcelho` (`Distrito`, `Concelho`, `Descr`) VALUES ('12', '07', 'Elvas');
INSERT INTO `tblCodsConcelho` (`Distrito`, `Concelho`, `Descr`) VALUES ('12', '08', 'Fronteira');
INSERT INTO `tblCodsConcelho` (`Distrito`, `Concelho`, `Descr`) VALUES ('12', '09', 'Gavião');
INSERT INTO `tblCodsConcelho` (`Distrito`, `Concelho`, `Descr`) VALUES ('12', '10', 'Marvão');
INSERT INTO `tblCodsConcelho` (`Distrito`, `Concelho`, `Descr`) VALUES ('12', '11', 'Monforte');
INSERT INTO `tblCodsConcelho` (`Distrito`, `Concelho`, `Descr`) VALUES ('12', '12', 'Nisa');
INSERT INTO `tblCodsConcelho` (`Distrito`, `Concelho`, `Descr`) VALUES ('12', '13', 'Ponte de Sor');
INSERT INTO `tblCodsConcelho` (`Distrito`, `Concelho`, `Descr`) VALUES ('12', '14', 'Portalegre');
INSERT INTO `tblCodsConcelho` (`Distrito`, `Concelho`, `Descr`) VALUES ('12', '15', 'Sousel');
INSERT INTO `tblCodsConcelho` (`Distrito`, `Concelho`, `Descr`) VALUES ('13', '01', 'Amarante');
INSERT INTO `tblCodsConcelho` (`Distrito`, `Concelho`, `Descr`) VALUES ('13', '02', 'Baião');
INSERT INTO `tblCodsConcelho` (`Distrito`, `Concelho`, `Descr`) VALUES ('13', '03', 'Felgueiras');
INSERT INTO `tblCodsConcelho` (`Distrito`, `Concelho`, `Descr`) VALUES ('13', '04', 'Gondomar');
INSERT INTO `tblCodsConcelho` (`Distrito`, `Concelho`, `Descr`) VALUES ('13', '05', 'Lousada');
INSERT INTO `tblCodsConcelho` (`Distrito`, `Concelho`, `Descr`) VALUES ('13', '06', 'Maia');
INSERT INTO `tblCodsConcelho` (`Distrito`, `Concelho`, `Descr`) VALUES ('13', '07', 'Marco de Canaveses');
INSERT INTO `tblCodsConcelho` (`Distrito`, `Concelho`, `Descr`) VALUES ('13', '08', 'Matosinhos');
INSERT INTO `tblCodsConcelho` (`Distrito`, `Concelho`, `Descr`) VALUES ('13', '09', 'Paços de Ferreira');
INSERT INTO `tblCodsConcelho` (`Distrito`, `Concelho`, `Descr`) VALUES ('13', '10', 'Paredes');
INSERT INTO `tblCodsConcelho` (`Distrito`, `Concelho`, `Descr`) VALUES ('13', '11', 'Penafiel');
INSERT INTO `tblCodsConcelho` (`Distrito`, `Concelho`, `Descr`) VALUES ('13', '12', 'Porto');
INSERT INTO `tblCodsConcelho` (`Distrito`, `Concelho`, `Descr`) VALUES ('13', '13', 'Póvoa de Varzim');
INSERT INTO `tblCodsConcelho` (`Distrito`, `Concelho`, `Descr`) VALUES ('13', '14', 'Santo Tirso');
INSERT INTO `tblCodsConcelho` (`Distrito`, `Concelho`, `Descr`) VALUES ('13', '15', 'Valongo');
INSERT INTO `tblCodsConcelho` (`Distrito`, `Concelho`, `Descr`) VALUES ('13', '16', 'Vila do Conde');
INSERT INTO `tblCodsConcelho` (`Distrito`, `Concelho`, `Descr`) VALUES ('13', '17', 'Vila Nova de Gaia');
INSERT INTO `tblCodsConcelho` (`Distrito`, `Concelho`, `Descr`) VALUES ('13', '18', 'Trofa');
INSERT INTO `tblCodsConcelho` (`Distrito`, `Concelho`, `Descr`) VALUES ('14', '01', 'Abrantes');
INSERT INTO `tblCodsConcelho` (`Distrito`, `Concelho`, `Descr`) VALUES ('14', '02', 'Alcanena');
INSERT INTO `tblCodsConcelho` (`Distrito`, `Concelho`, `Descr`) VALUES ('14', '03', 'Almeirim');
INSERT INTO `tblCodsConcelho` (`Distrito`, `Concelho`, `Descr`) VALUES ('14', '04', 'Alpiarça');
INSERT INTO `tblCodsConcelho` (`Distrito`, `Concelho`, `Descr`) VALUES ('14', '05', 'Benavente');
INSERT INTO `tblCodsConcelho` (`Distrito`, `Concelho`, `Descr`) VALUES ('14', '06', 'Cartaxo');
INSERT INTO `tblCodsConcelho` (`Distrito`, `Concelho`, `Descr`) VALUES ('14', '07', 'Chamusca');
INSERT INTO `tblCodsConcelho` (`Distrito`, `Concelho`, `Descr`) VALUES ('14', '08', 'Constância');
INSERT INTO `tblCodsConcelho` (`Distrito`, `Concelho`, `Descr`) VALUES ('14', '09', 'Coruche');
INSERT INTO `tblCodsConcelho` (`Distrito`, `Concelho`, `Descr`) VALUES ('14', '10', 'Entroncamento');
INSERT INTO `tblCodsConcelho` (`Distrito`, `Concelho`, `Descr`) VALUES ('14', '11', 'Ferreira do Zêzere');
INSERT INTO `tblCodsConcelho` (`Distrito`, `Concelho`, `Descr`) VALUES ('14', '12', 'Golegã');
INSERT INTO `tblCodsConcelho` (`Distrito`, `Concelho`, `Descr`) VALUES ('14', '13', 'Mação');
INSERT INTO `tblCodsConcelho` (`Distrito`, `Concelho`, `Descr`) VALUES ('14', '14', 'Rio Maior');
INSERT INTO `tblCodsConcelho` (`Distrito`, `Concelho`, `Descr`) VALUES ('14', '15', 'Salvaterra de Magos');
INSERT INTO `tblCodsConcelho` (`Distrito`, `Concelho`, `Descr`) VALUES ('14', '16', 'Santarém');
INSERT INTO `tblCodsConcelho` (`Distrito`, `Concelho`, `Descr`) VALUES ('14', '17', 'Sardoal');
INSERT INTO `tblCodsConcelho` (`Distrito`, `Concelho`, `Descr`) VALUES ('14', '18', 'Tomar');
INSERT INTO `tblCodsConcelho` (`Distrito`, `Concelho`, `Descr`) VALUES ('14', '19', 'Torres Novas');
INSERT INTO `tblCodsConcelho` (`Distrito`, `Concelho`, `Descr`) VALUES ('14', '20', 'Vila Nova da Barquinha');
INSERT INTO `tblCodsConcelho` (`Distrito`, `Concelho`, `Descr`) VALUES ('14', '21', 'Ourém');
INSERT INTO `tblCodsConcelho` (`Distrito`, `Concelho`, `Descr`) VALUES ('15', '01', 'Alcácer do Sal');
INSERT INTO `tblCodsConcelho` (`Distrito`, `Concelho`, `Descr`) VALUES ('15', '02', 'Alcochete');
INSERT INTO `tblCodsConcelho` (`Distrito`, `Concelho`, `Descr`) VALUES ('15', '03', 'Almada');
INSERT INTO `tblCodsConcelho` (`Distrito`, `Concelho`, `Descr`) VALUES ('15', '04', 'Barreiro');
INSERT INTO `tblCodsConcelho` (`Distrito`, `Concelho`, `Descr`) VALUES ('15', '05', 'Grândola');
INSERT INTO `tblCodsConcelho` (`Distrito`, `Concelho`, `Descr`) VALUES ('15', '06', 'Moita');
INSERT INTO `tblCodsConcelho` (`Distrito`, `Concelho`, `Descr`) VALUES ('15', '07', 'Montijo');
INSERT INTO `tblCodsConcelho` (`Distrito`, `Concelho`, `Descr`) VALUES ('15', '08', 'Palmela');
INSERT INTO `tblCodsConcelho` (`Distrito`, `Concelho`, `Descr`) VALUES ('15', '09', 'Santiago do Cacém');
INSERT INTO `tblCodsConcelho` (`Distrito`, `Concelho`, `Descr`) VALUES ('15', '10', 'Seixal');
INSERT INTO `tblCodsConcelho` (`Distrito`, `Concelho`, `Descr`) VALUES ('15', '11', 'Sesimbra');
INSERT INTO `tblCodsConcelho` (`Distrito`, `Concelho`, `Descr`) VALUES ('15', '12', 'Setúbal');
INSERT INTO `tblCodsConcelho` (`Distrito`, `Concelho`, `Descr`) VALUES ('15', '13', 'Sines');
INSERT INTO `tblCodsConcelho` (`Distrito`, `Concelho`, `Descr`) VALUES ('16', '01', 'Arcos de Valdevez');
INSERT INTO `tblCodsConcelho` (`Distrito`, `Concelho`, `Descr`) VALUES ('16', '02', 'Caminha');
INSERT INTO `tblCodsConcelho` (`Distrito`, `Concelho`, `Descr`) VALUES ('16', '03', 'Melgaço');
INSERT INTO `tblCodsConcelho` (`Distrito`, `Concelho`, `Descr`) VALUES ('16', '04', 'Monção');
INSERT INTO `tblCodsConcelho` (`Distrito`, `Concelho`, `Descr`) VALUES ('16', '05', 'Paredes de Coura');
INSERT INTO `tblCodsConcelho` (`Distrito`, `Concelho`, `Descr`) VALUES ('16', '06', 'Ponte da Barca');
INSERT INTO `tblCodsConcelho` (`Distrito`, `Concelho`, `Descr`) VALUES ('16', '07', 'Ponte de Lima');
INSERT INTO `tblCodsConcelho` (`Distrito`, `Concelho`, `Descr`) VALUES ('16', '08', 'Valença');
INSERT INTO `tblCodsConcelho` (`Distrito`, `Concelho`, `Descr`) VALUES ('16', '09', 'Viana do Castelo');
INSERT INTO `tblCodsConcelho` (`Distrito`, `Concelho`, `Descr`) VALUES ('16', '10', 'Vila Nova de Cerveira');
INSERT INTO `tblCodsConcelho` (`Distrito`, `Concelho`, `Descr`) VALUES ('17', '01', 'Alijó');
INSERT INTO `tblCodsConcelho` (`Distrito`, `Concelho`, `Descr`) VALUES ('17', '02', 'Boticas');
INSERT INTO `tblCodsConcelho` (`Distrito`, `Concelho`, `Descr`) VALUES ('17', '03', 'Chaves');
INSERT INTO `tblCodsConcelho` (`Distrito`, `Concelho`, `Descr`) VALUES ('17', '04', 'Mesão Frio');
INSERT INTO `tblCodsConcelho` (`Distrito`, `Concelho`, `Descr`) VALUES ('17', '05', 'Mondim de Basto');
INSERT INTO `tblCodsConcelho` (`Distrito`, `Concelho`, `Descr`) VALUES ('17', '06', 'Montalegre');
INSERT INTO `tblCodsConcelho` (`Distrito`, `Concelho`, `Descr`) VALUES ('17', '07', 'Murça');
INSERT INTO `tblCodsConcelho` (`Distrito`, `Concelho`, `Descr`) VALUES ('17', '08', 'Peso da Régua');
INSERT INTO `tblCodsConcelho` (`Distrito`, `Concelho`, `Descr`) VALUES ('17', '09', 'Ribeira de Pena');
INSERT INTO `tblCodsConcelho` (`Distrito`, `Concelho`, `Descr`) VALUES ('17', '10', 'Sabrosa');
INSERT INTO `tblCodsConcelho` (`Distrito`, `Concelho`, `Descr`) VALUES ('17', '11', 'Santa Marta de Penaguião');
INSERT INTO `tblCodsConcelho` (`Distrito`, `Concelho`, `Descr`) VALUES ('17', '12', 'Valpaços');
INSERT INTO `tblCodsConcelho` (`Distrito`, `Concelho`, `Descr`) VALUES ('17', '13', 'Vila Pouca de Aguiar');
INSERT INTO `tblCodsConcelho` (`Distrito`, `Concelho`, `Descr`) VALUES ('17', '14', 'Vila Real');
INSERT INTO `tblCodsConcelho` (`Distrito`, `Concelho`, `Descr`) VALUES ('18', '01', 'Armamar');
INSERT INTO `tblCodsConcelho` (`Distrito`, `Concelho`, `Descr`) VALUES ('18', '02', 'Carregal do Sal');
INSERT INTO `tblCodsConcelho` (`Distrito`, `Concelho`, `Descr`) VALUES ('18', '03', 'Castro Daire');
INSERT INTO `tblCodsConcelho` (`Distrito`, `Concelho`, `Descr`) VALUES ('18', '04', 'Cinfães');
INSERT INTO `tblCodsConcelho` (`Distrito`, `Concelho`, `Descr`) VALUES ('18', '05', 'Lamego');
INSERT INTO `tblCodsConcelho` (`Distrito`, `Concelho`, `Descr`) VALUES ('18', '06', 'Mangualde');
INSERT INTO `tblCodsConcelho` (`Distrito`, `Concelho`, `Descr`) VALUES ('18', '07', 'Moimenta da Beira');
INSERT INTO `tblCodsConcelho` (`Distrito`, `Concelho`, `Descr`) VALUES ('18', '08', 'Mortágua');
INSERT INTO `tblCodsConcelho` (`Distrito`, `Concelho`, `Descr`) VALUES ('18', '09', 'Nelas');
INSERT INTO `tblCodsConcelho` (`Distrito`, `Concelho`, `Descr`) VALUES ('18', '10', 'Oliveira de Frades');
INSERT INTO `tblCodsConcelho` (`Distrito`, `Concelho`, `Descr`) VALUES ('18', '11', 'Penalva do Castelo');
INSERT INTO `tblCodsConcelho` (`Distrito`, `Concelho`, `Descr`) VALUES ('18', '12', 'Penedono');
INSERT INTO `tblCodsConcelho` (`Distrito`, `Concelho`, `Descr`) VALUES ('18', '13', 'Resende');
INSERT INTO `tblCodsConcelho` (`Distrito`, `Concelho`, `Descr`) VALUES ('18', '14', 'Santa Comba Dão');
INSERT INTO `tblCodsConcelho` (`Distrito`, `Concelho`, `Descr`) VALUES ('18', '15', 'São João da Pesqueira');
INSERT INTO `tblCodsConcelho` (`Distrito`, `Concelho`, `Descr`) VALUES ('18', '16', 'São Pedro do Sul');
INSERT INTO `tblCodsConcelho` (`Distrito`, `Concelho`, `Descr`) VALUES ('18', '17', 'Sátão');
INSERT INTO `tblCodsConcelho` (`Distrito`, `Concelho`, `Descr`) VALUES ('18', '18', 'Sernancelhe');
INSERT INTO `tblCodsConcelho` (`Distrito`, `Concelho`, `Descr`) VALUES ('18', '19', 'Tabuaço');
INSERT INTO `tblCodsConcelho` (`Distrito`, `Concelho`, `Descr`) VALUES ('18', '20', 'Tarouca');
INSERT INTO `tblCodsConcelho` (`Distrito`, `Concelho`, `Descr`) VALUES ('18', '21', 'Tondela');
INSERT INTO `tblCodsConcelho` (`Distrito`, `Concelho`, `Descr`) VALUES ('18', '22', 'Vila Nova de Paiva');
INSERT INTO `tblCodsConcelho` (`Distrito`, `Concelho`, `Descr`) VALUES ('18', '23', 'Viseu');
INSERT INTO `tblCodsConcelho` (`Distrito`, `Concelho`, `Descr`) VALUES ('18', '24', 'Vouzela');
INSERT INTO `tblCodsConcelho` (`Distrito`, `Concelho`, `Descr`) VALUES ('19', '01', 'Angra do Heroísmo');
INSERT INTO `tblCodsConcelho` (`Distrito`, `Concelho`, `Descr`) VALUES ('19', '02', 'Calheta (R.A.A.)');
INSERT INTO `tblCodsConcelho` (`Distrito`, `Concelho`, `Descr`) VALUES ('19', '03', 'Santa Cruz da Graciosa');
INSERT INTO `tblCodsConcelho` (`Distrito`, `Concelho`, `Descr`) VALUES ('19', '04', 'Velas');
INSERT INTO `tblCodsConcelho` (`Distrito`, `Concelho`, `Descr`) VALUES ('19', '05', 'Vila da Praia da Vitória');
INSERT INTO `tblCodsConcelho` (`Distrito`, `Concelho`, `Descr`) VALUES ('19', '11', 'Corvo');
INSERT INTO `tblCodsConcelho` (`Distrito`, `Concelho`, `Descr`) VALUES ('19', '12', 'Horta');
INSERT INTO `tblCodsConcelho` (`Distrito`, `Concelho`, `Descr`) VALUES ('19', '13', 'Lajes das Flores');
INSERT INTO `tblCodsConcelho` (`Distrito`, `Concelho`, `Descr`) VALUES ('19', '14', 'Lajes do Pico');
INSERT INTO `tblCodsConcelho` (`Distrito`, `Concelho`, `Descr`) VALUES ('19', '15', 'Madalena');
INSERT INTO `tblCodsConcelho` (`Distrito`, `Concelho`, `Descr`) VALUES ('19', '16', 'Santa Cruz das Flores');
INSERT INTO `tblCodsConcelho` (`Distrito`, `Concelho`, `Descr`) VALUES ('19', '17', 'São Roque do Pico');
INSERT INTO `tblCodsConcelho` (`Distrito`, `Concelho`, `Descr`) VALUES ('19', '21', 'Lagoa (R.A.A)');
INSERT INTO `tblCodsConcelho` (`Distrito`, `Concelho`, `Descr`) VALUES ('19', '22', 'Nordeste');
INSERT INTO `tblCodsConcelho` (`Distrito`, `Concelho`, `Descr`) VALUES ('19', '23', 'Ponta Delgada');
INSERT INTO `tblCodsConcelho` (`Distrito`, `Concelho`, `Descr`) VALUES ('19', '24', 'Povoação');
INSERT INTO `tblCodsConcelho` (`Distrito`, `Concelho`, `Descr`) VALUES ('19', '25', 'Ribeira Grande');
INSERT INTO `tblCodsConcelho` (`Distrito`, `Concelho`, `Descr`) VALUES ('19', '26', 'Vila Franca do Campo');
INSERT INTO `tblCodsConcelho` (`Distrito`, `Concelho`, `Descr`) VALUES ('19', '27', 'Vila do Porto');
INSERT INTO `tblCodsConcelho` (`Distrito`, `Concelho`, `Descr`) VALUES ('22', '01', 'Calheta (R.A.M.)');
INSERT INTO `tblCodsConcelho` (`Distrito`, `Concelho`, `Descr`) VALUES ('22', '02', 'Câmara de Lobos');
INSERT INTO `tblCodsConcelho` (`Distrito`, `Concelho`, `Descr`) VALUES ('22', '03', 'Funchal');
INSERT INTO `tblCodsConcelho` (`Distrito`, `Concelho`, `Descr`) VALUES ('22', '04', 'Machico');
INSERT INTO `tblCodsConcelho` (`Distrito`, `Concelho`, `Descr`) VALUES ('22', '05', 'Ponta do Sol');
INSERT INTO `tblCodsConcelho` (`Distrito`, `Concelho`, `Descr`) VALUES ('22', '06', 'Porto Moniz');
INSERT INTO `tblCodsConcelho` (`Distrito`, `Concelho`, `Descr`) VALUES ('22', '07', 'Porto Santo');
INSERT INTO `tblCodsConcelho` (`Distrito`, `Concelho`, `Descr`) VALUES ('22', '08', 'Ribeira Brava');
INSERT INTO `tblCodsConcelho` (`Distrito`, `Concelho`, `Descr`) VALUES ('22', '09', 'Santa Cruz');
INSERT INTO `tblCodsConcelho` (`Distrito`, `Concelho`, `Descr`) VALUES ('22', '10', 'Santana');
INSERT INTO `tblCodsConcelho` (`Distrito`, `Concelho`, `Descr`) VALUES ('22', '11', 'São Vicente');
INSERT INTO `tblCodsConcelho` (`Distrito`, `Concelho`, `Descr`) VALUES ('99', '99', 'Estrangeiro');
# 309 records

#
# Table structure for table 'tblCodsDistrito'
#

DROP TABLE IF EXISTS `tblCodsDistrito`;

CREATE TABLE `tblCodsDistrito` (
  `Distrito` VARCHAR(2) NOT NULL, 
  `Descr` VARCHAR(20), 
  PRIMARY KEY (`Distrito`)
) ENGINE=myisam DEFAULT CHARSET=utf8;

SET autocommit=1;

#
# Dumping data for table 'tblCodsDistrito'
#

INSERT INTO `tblCodsDistrito` (`Distrito`, `Descr`) VALUES ('01', 'Aveiro');
INSERT INTO `tblCodsDistrito` (`Distrito`, `Descr`) VALUES ('02', 'Beja');
INSERT INTO `tblCodsDistrito` (`Distrito`, `Descr`) VALUES ('03', 'Braga');
INSERT INTO `tblCodsDistrito` (`Distrito`, `Descr`) VALUES ('04', 'Bragança');
INSERT INTO `tblCodsDistrito` (`Distrito`, `Descr`) VALUES ('05', 'Castelo Branco');
INSERT INTO `tblCodsDistrito` (`Distrito`, `Descr`) VALUES ('06', 'Coimbra');
INSERT INTO `tblCodsDistrito` (`Distrito`, `Descr`) VALUES ('07', 'Évora');
INSERT INTO `tblCodsDistrito` (`Distrito`, `Descr`) VALUES ('08', 'Faro');
INSERT INTO `tblCodsDistrito` (`Distrito`, `Descr`) VALUES ('09', 'Guarda');
INSERT INTO `tblCodsDistrito` (`Distrito`, `Descr`) VALUES ('10', 'Leiria');
INSERT INTO `tblCodsDistrito` (`Distrito`, `Descr`) VALUES ('11', 'Lisboa');
INSERT INTO `tblCodsDistrito` (`Distrito`, `Descr`) VALUES ('12', 'Portalegre');
INSERT INTO `tblCodsDistrito` (`Distrito`, `Descr`) VALUES ('13', 'Porto');
INSERT INTO `tblCodsDistrito` (`Distrito`, `Descr`) VALUES ('14', 'Santarém');
INSERT INTO `tblCodsDistrito` (`Distrito`, `Descr`) VALUES ('15', 'Setúbal');
INSERT INTO `tblCodsDistrito` (`Distrito`, `Descr`) VALUES ('16', 'Viana do Castelo');
INSERT INTO `tblCodsDistrito` (`Distrito`, `Descr`) VALUES ('17', 'Vila Real');
INSERT INTO `tblCodsDistrito` (`Distrito`, `Descr`) VALUES ('18', 'Viseu');
INSERT INTO `tblCodsDistrito` (`Distrito`, `Descr`) VALUES ('19', 'R. A. Açores');
INSERT INTO `tblCodsDistrito` (`Distrito`, `Descr`) VALUES ('22', 'R. A. Madeira');
INSERT INTO `tblCodsDistrito` (`Distrito`, `Descr`) VALUES ('99', 'Estrangeiro');
# 21 records

#
# Table structure for table 'tblCodsPubPriv'
#

DROP TABLE IF EXISTS `tblCodsPubPriv`;

CREATE TABLE `tblCodsPubPriv` (
  `PubPriv` VARCHAR(3) NOT NULL, 
  `Descr` VARCHAR(50), 
  PRIMARY KEY (`PubPriv`)
) ENGINE=myisam DEFAULT CHARSET=utf8;

SET autocommit=1;

#
# Dumping data for table 'tblCodsPubPriv'
#

INSERT INTO `tblCodsPubPriv` (`PubPriv`, `Descr`) VALUES ('PRI', 'Particular e Cooperativo');
INSERT INTO `tblCodsPubPriv` (`PubPriv`, `Descr`) VALUES ('PUB', 'Público');
# 2 records

#
# Table structure for table 'tblCursos'
#

DROP TABLE IF EXISTS `tblCursos`;

CREATE TABLE `tblCursos` (
  `Curso` VARCHAR(3) NOT NULL, 
  `TpCurso` VARCHAR(1), 
  `SubTipo` VARCHAR(3), 
  `Descr` VARCHAR(60), 
  INDEX (`Descr`), 
  PRIMARY KEY (`Curso`)
) ENGINE=myisam DEFAULT CHARSET=utf8;

SET autocommit=1;

#
# Dumping data for table 'tblCursos'
#

INSERT INTO `tblCursos` (`Curso`, `TpCurso`, `SubTipo`, `Descr`) VALUES ('001', 'E', 'E01', '1.º Curso');
INSERT INTO `tblCursos` (`Curso`, `TpCurso`, `SubTipo`, `Descr`) VALUES ('002', 'E', 'E01', '2.º Curso');
INSERT INTO `tblCursos` (`Curso`, `TpCurso`, `SubTipo`, `Descr`) VALUES ('003', 'E', 'E01', '3.º Curso');
INSERT INTO `tblCursos` (`Curso`, `TpCurso`, `SubTipo`, `Descr`) VALUES ('004', 'E', 'E01', '4.º Curso');
INSERT INTO `tblCursos` (`Curso`, `TpCurso`, `SubTipo`, `Descr`) VALUES ('005', 'E', 'E01', '5.º Curso');
INSERT INTO `tblCursos` (`Curso`, `TpCurso`, `SubTipo`, `Descr`) VALUES ('060', 'N', 'N01', 'Ciências e Tecnologias (DL 74/2004)');
INSERT INTO `tblCursos` (`Curso`, `TpCurso`, `SubTipo`, `Descr`) VALUES ('061', 'N', 'N01', 'Ciências Socioeconómicas (DL 74/2004)');
INSERT INTO `tblCursos` (`Curso`, `TpCurso`, `SubTipo`, `Descr`) VALUES ('062', 'N', 'N01', 'Ciências Sociais e Humanas (DL 74/2004)');
INSERT INTO `tblCursos` (`Curso`, `TpCurso`, `SubTipo`, `Descr`) VALUES ('063', 'N', 'N01', 'Línguas e Literaturas (DL 74/2004)');
INSERT INTO `tblCursos` (`Curso`, `TpCurso`, `SubTipo`, `Descr`) VALUES ('064', 'N', 'N01', 'Artes Visuais (DL 74/2004)');
INSERT INTO `tblCursos` (`Curso`, `TpCurso`, `SubTipo`, `Descr`) VALUES ('070', 'N', 'N02', 'Comunicação Audiovisual (DL 74/2004)');
INSERT INTO `tblCursos` (`Curso`, `TpCurso`, `SubTipo`, `Descr`) VALUES ('071', 'N', 'N02', 'Design de Comunicação (DL 74/2004)');
INSERT INTO `tblCursos` (`Curso`, `TpCurso`, `SubTipo`, `Descr`) VALUES ('072', 'N', 'N02', 'Design de Produto (DL 74/2004)');
INSERT INTO `tblCursos` (`Curso`, `TpCurso`, `SubTipo`, `Descr`) VALUES ('073', 'N', 'N02', 'Produção Artística (DL 74/2004)');
INSERT INTO `tblCursos` (`Curso`, `TpCurso`, `SubTipo`, `Descr`) VALUES ('080', 'N', 'N03', 'Construção Civil e Edificações');
INSERT INTO `tblCursos` (`Curso`, `TpCurso`, `SubTipo`, `Descr`) VALUES ('081', 'N', 'N03', 'Eletrotecnia e Eletrónica');
INSERT INTO `tblCursos` (`Curso`, `TpCurso`, `SubTipo`, `Descr`) VALUES ('082', 'N', 'N03', 'Informática');
INSERT INTO `tblCursos` (`Curso`, `TpCurso`, `SubTipo`, `Descr`) VALUES ('083', 'N', 'N03', 'Design de Equipamento');
INSERT INTO `tblCursos` (`Curso`, `TpCurso`, `SubTipo`, `Descr`) VALUES ('084', 'N', 'N03', 'Multimédia');
INSERT INTO `tblCursos` (`Curso`, `TpCurso`, `SubTipo`, `Descr`) VALUES ('085', 'N', 'N03', 'Administração');
INSERT INTO `tblCursos` (`Curso`, `TpCurso`, `SubTipo`, `Descr`) VALUES ('086', 'N', 'N03', 'Marketing');
INSERT INTO `tblCursos` (`Curso`, `TpCurso`, `SubTipo`, `Descr`) VALUES ('087', 'N', 'N03', 'Ordenamento do Território e Ambiente');
INSERT INTO `tblCursos` (`Curso`, `TpCurso`, `SubTipo`, `Descr`) VALUES ('088', 'N', 'N03', 'Ação Social');
INSERT INTO `tblCursos` (`Curso`, `TpCurso`, `SubTipo`, `Descr`) VALUES ('089', 'N', 'N03', 'Desporto');
INSERT INTO `tblCursos` (`Curso`, `TpCurso`, `SubTipo`, `Descr`) VALUES ('162', 'R', 'R20', 'Contabilidade e Gestão');
INSERT INTO `tblCursos` (`Curso`, `TpCurso`, `SubTipo`, `Descr`) VALUES ('163', 'R', 'R20', 'Eletrónica');
INSERT INTO `tblCursos` (`Curso`, `TpCurso`, `SubTipo`, `Descr`) VALUES ('164', 'R', 'R20', 'Eletrotecnia');
INSERT INTO `tblCursos` (`Curso`, `TpCurso`, `SubTipo`, `Descr`) VALUES ('165', 'R', 'R20', 'Informática');
INSERT INTO `tblCursos` (`Curso`, `TpCurso`, `SubTipo`, `Descr`) VALUES ('166', 'R', 'R20', 'Informática de Gestão');
INSERT INTO `tblCursos` (`Curso`, `TpCurso`, `SubTipo`, `Descr`) VALUES ('167', 'R', 'R20', 'Química');
INSERT INTO `tblCursos` (`Curso`, `TpCurso`, `SubTipo`, `Descr`) VALUES ('168', 'R', 'R20', 'Artes e Indústrias Gráficas');
INSERT INTO `tblCursos` (`Curso`, `TpCurso`, `SubTipo`, `Descr`) VALUES ('169', 'R', 'R20', 'Biotecnologia');
INSERT INTO `tblCursos` (`Curso`, `TpCurso`, `SubTipo`, `Descr`) VALUES ('170', 'R', 'R20', 'Operador Turístico');
INSERT INTO `tblCursos` (`Curso`, `TpCurso`, `SubTipo`, `Descr`) VALUES ('171', 'R', 'R20', 'Relações Internacionais');
INSERT INTO `tblCursos` (`Curso`, `TpCurso`, `SubTipo`, `Descr`) VALUES ('172', 'R', 'R21', 'Administração/Contabilidade e Gestão');
INSERT INTO `tblCursos` (`Curso`, `TpCurso`, `SubTipo`, `Descr`) VALUES ('173', 'R', 'R21', 'Eletrotecnia/Eletrónica');
INSERT INTO `tblCursos` (`Curso`, `TpCurso`, `SubTipo`, `Descr`) VALUES ('174', 'R', 'R21', 'Informática');
INSERT INTO `tblCursos` (`Curso`, `TpCurso`, `SubTipo`, `Descr`) VALUES ('175', 'R', 'R22', 'Administração');
INSERT INTO `tblCursos` (`Curso`, `TpCurso`, `SubTipo`, `Descr`) VALUES ('176', 'R', 'R22', 'Informática');
INSERT INTO `tblCursos` (`Curso`, `TpCurso`, `SubTipo`, `Descr`) VALUES ('177', 'R', 'R22', 'Serviços Comerciais');
INSERT INTO `tblCursos` (`Curso`, `TpCurso`, `SubTipo`, `Descr`) VALUES ('178', 'R', 'R23', 'Química e Controlo de Qualidade');
INSERT INTO `tblCursos` (`Curso`, `TpCurso`, `SubTipo`, `Descr`) VALUES ('179', 'R', 'R24', 'Administração');
INSERT INTO `tblCursos` (`Curso`, `TpCurso`, `SubTipo`, `Descr`) VALUES ('180', 'R', 'R24', 'Informática');
INSERT INTO `tblCursos` (`Curso`, `TpCurso`, `SubTipo`, `Descr`) VALUES ('181', 'R', 'R24', 'Manutenção Mecânica');
INSERT INTO `tblCursos` (`Curso`, `TpCurso`, `SubTipo`, `Descr`) VALUES ('182', 'R', 'R25', 'Administração/Contabilidade');
INSERT INTO `tblCursos` (`Curso`, `TpCurso`, `SubTipo`, `Descr`) VALUES ('183', 'R', 'R25', 'Design, Cerâmica e Escultura');
INSERT INTO `tblCursos` (`Curso`, `TpCurso`, `SubTipo`, `Descr`) VALUES ('184', 'R', 'R26', 'Educador Social');
INSERT INTO `tblCursos` (`Curso`, `TpCurso`, `SubTipo`, `Descr`) VALUES ('185', 'R', 'R27', 'Indústrias Gráficas e Transf. do Papel');
INSERT INTO `tblCursos` (`Curso`, `TpCurso`, `SubTipo`, `Descr`) VALUES ('186', 'R', 'R28', 'Comunicação Social');
INSERT INTO `tblCursos` (`Curso`, `TpCurso`, `SubTipo`, `Descr`) VALUES ('187', 'R', 'R28', 'Eletrónica');
INSERT INTO `tblCursos` (`Curso`, `TpCurso`, `SubTipo`, `Descr`) VALUES ('188', 'R', 'R28', 'Informática de Gestão');
INSERT INTO `tblCursos` (`Curso`, `TpCurso`, `SubTipo`, `Descr`) VALUES ('189', 'R', 'R29', 'Eletrónica');
INSERT INTO `tblCursos` (`Curso`, `TpCurso`, `SubTipo`, `Descr`) VALUES ('190', 'R', 'R29', 'Informática');
INSERT INTO `tblCursos` (`Curso`, `TpCurso`, `SubTipo`, `Descr`) VALUES ('191', 'R', 'R20', 'Administração Pública');
INSERT INTO `tblCursos` (`Curso`, `TpCurso`, `SubTipo`, `Descr`) VALUES ('192', 'R', 'R28', 'Desenhador de Projeto');
INSERT INTO `tblCursos` (`Curso`, `TpCurso`, `SubTipo`, `Descr`) VALUES ('193', 'R', 'R21', 'Eletrotecnia/Eletrónica Industrial e Automação');
INSERT INTO `tblCursos` (`Curso`, `TpCurso`, `SubTipo`, `Descr`) VALUES ('194', 'R', 'R24', 'Administração/Informática de Gestão');
INSERT INTO `tblCursos` (`Curso`, `TpCurso`, `SubTipo`, `Descr`) VALUES ('195', 'R', 'R21', 'Administração/Técnico de Administração e Marketing');
INSERT INTO `tblCursos` (`Curso`, `TpCurso`, `SubTipo`, `Descr`) VALUES ('196', 'R', 'R29', 'Marketing e Publicidade');
INSERT INTO `tblCursos` (`Curso`, `TpCurso`, `SubTipo`, `Descr`) VALUES ('197', 'R', 'R21', 'Técnico de Animação e Gestão Desportiva');
INSERT INTO `tblCursos` (`Curso`, `TpCurso`, `SubTipo`, `Descr`) VALUES ('198', 'R', 'R25', 'Administração/Contabilidade (Novos Planos)');
INSERT INTO `tblCursos` (`Curso`, `TpCurso`, `SubTipo`, `Descr`) VALUES ('199', 'R', 'R25', 'Design, Cerâmica e Escultura (Novos Planos)');
INSERT INTO `tblCursos` (`Curso`, `TpCurso`, `SubTipo`, `Descr`) VALUES ('201', 'P', 'P60', 'Técnico de Contabilidade (CP)');
INSERT INTO `tblCursos` (`Curso`, `TpCurso`, `SubTipo`, `Descr`) VALUES ('202', 'P', 'P60', 'Técnico de Desporto (CP)');
INSERT INTO `tblCursos` (`Curso`, `TpCurso`, `SubTipo`, `Descr`) VALUES ('203', 'P', 'P60', 'Técnico de Eletrónica (CP)');
INSERT INTO `tblCursos` (`Curso`, `TpCurso`, `SubTipo`, `Descr`) VALUES ('204', 'P', 'P60', 'Técnico de Eletrónica Industrial (CP)');
INSERT INTO `tblCursos` (`Curso`, `TpCurso`, `SubTipo`, `Descr`) VALUES ('205', 'P', 'P60', 'Técnico de Hotelaria,Restauração,Organização e Controlo (CP)');
INSERT INTO `tblCursos` (`Curso`, `TpCurso`, `SubTipo`, `Descr`) VALUES ('206', 'P', 'P60', 'Técnico de Instrumentação (CP)');
INSERT INTO `tblCursos` (`Curso`, `TpCurso`, `SubTipo`, `Descr`) VALUES ('207', 'P', 'P60', 'Técnico de Eletromecânica de Automóvel (CP)');
INSERT INTO `tblCursos` (`Curso`, `TpCurso`, `SubTipo`, `Descr`) VALUES ('208', 'P', 'P60', 'Técnico de Ótica Ocular (CP)');
INSERT INTO `tblCursos` (`Curso`, `TpCurso`, `SubTipo`, `Descr`) VALUES ('209', 'P', 'P60', 'Técnico de Produção Industrial (CP)');
INSERT INTO `tblCursos` (`Curso`, `TpCurso`, `SubTipo`, `Descr`) VALUES ('210', 'P', 'P60', 'Técnico de Relojoaria (CP)');
INSERT INTO `tblCursos` (`Curso`, `TpCurso`, `SubTipo`, `Descr`) VALUES ('211', 'P', 'P60', 'Técnico de Informática de Gestão (CP)');
INSERT INTO `tblCursos` (`Curso`, `TpCurso`, `SubTipo`, `Descr`) VALUES ('212', 'P', 'P60', 'Técnico de Design de Equipamento (CP)');
INSERT INTO `tblCursos` (`Curso`, `TpCurso`, `SubTipo`, `Descr`) VALUES ('213', 'P', 'P60', 'Técnico de Revitalização do Património - Museologia (CP)');
INSERT INTO `tblCursos` (`Curso`, `TpCurso`, `SubTipo`, `Descr`) VALUES ('214', 'P', 'P60', 'Técnico de Artes e Indústrias Gráficas (CP)');
INSERT INTO `tblCursos` (`Curso`, `TpCurso`, `SubTipo`, `Descr`) VALUES ('215', 'N', 'N25', 'Ação Social - Ação Educativa (Port. 32/05)');
INSERT INTO `tblCursos` (`Curso`, `TpCurso`, `SubTipo`, `Descr`) VALUES ('216', 'N', 'N25', 'Contabilidade e Administração (Port. 32/05)');
INSERT INTO `tblCursos` (`Curso`, `TpCurso`, `SubTipo`, `Descr`) VALUES ('217', 'N', 'N25', 'Ação Social - Assistente de Gerontologia (Port. 32/05)');
INSERT INTO `tblCursos` (`Curso`, `TpCurso`, `SubTipo`, `Descr`) VALUES ('218', 'N', 'N25', 'Design, Cerâmica e Escultura (Port. 32/05)');
INSERT INTO `tblCursos` (`Curso`, `TpCurso`, `SubTipo`, `Descr`) VALUES ('219', 'N', 'N25', 'Ação Social (Port. 816/09)');
INSERT INTO `tblCursos` (`Curso`, `TpCurso`, `SubTipo`, `Descr`) VALUES ('220', 'U', 'U01', 'Ens. Sec. Recorrente (Todos os Cursos Gerais e Técn.) (RUC)');
INSERT INTO `tblCursos` (`Curso`, `TpCurso`, `SubTipo`, `Descr`) VALUES ('225', 'U', 'U01', 'Ens. Sec. Recorrente (Todos os Cursos Gerais e Tecnológicos)');
INSERT INTO `tblCursos` (`Curso`, `TpCurso`, `SubTipo`, `Descr`) VALUES ('230', 'U', 'U01', 'Ens. Sec. Recorrente Particular e Coop. (Todos Cursos) (RPC)');
INSERT INTO `tblCursos` (`Curso`, `TpCurso`, `SubTipo`, `Descr`) VALUES ('250', 'P', 'P65', 'Cozinha (INFTUR)');
INSERT INTO `tblCursos` (`Curso`, `TpCurso`, `SubTipo`, `Descr`) VALUES ('251', 'P', 'P65', 'Alojamento Hoteleiro (INFTUR)');
INSERT INTO `tblCursos` (`Curso`, `TpCurso`, `SubTipo`, `Descr`) VALUES ('252', 'P', 'P65', 'Turismo (INFTUR)');
INSERT INTO `tblCursos` (`Curso`, `TpCurso`, `SubTipo`, `Descr`) VALUES ('253', 'P', 'P65', 'Restaurante/Bar (INFTUR)');
INSERT INTO `tblCursos` (`Curso`, `TpCurso`, `SubTipo`, `Descr`) VALUES ('260', 'P', 'P63', 'Abastecimento (FAP)');
INSERT INTO `tblCursos` (`Curso`, `TpCurso`, `SubTipo`, `Descr`) VALUES ('261', 'P', 'P63', 'Mecânicos de Armamento e Equipamento (FAP)');
INSERT INTO `tblCursos` (`Curso`, `TpCurso`, `SubTipo`, `Descr`) VALUES ('262', 'P', 'P63', 'Mecânicos de Eletricidade (FAP)');
INSERT INTO `tblCursos` (`Curso`, `TpCurso`, `SubTipo`, `Descr`) VALUES ('263', 'P', 'P63', 'Mecânicos de Eletricidade e Instrumentos de Avião (FAP)');
INSERT INTO `tblCursos` (`Curso`, `TpCurso`, `SubTipo`, `Descr`) VALUES ('264', 'P', 'P63', 'Mecânicos de Eletrónica (FAP)');
INSERT INTO `tblCursos` (`Curso`, `TpCurso`, `SubTipo`, `Descr`) VALUES ('265', 'P', 'P63', 'Mecânicos de Material Aéreo (FAP)');
INSERT INTO `tblCursos` (`Curso`, `TpCurso`, `SubTipo`, `Descr`) VALUES ('266', 'P', 'P63', 'Mecânicos de Material Terrestre (FAP)');
INSERT INTO `tblCursos` (`Curso`, `TpCurso`, `SubTipo`, `Descr`) VALUES ('267', 'P', 'P63', 'Músicos (FAP)');
INSERT INTO `tblCursos` (`Curso`, `TpCurso`, `SubTipo`, `Descr`) VALUES ('268', 'P', 'P63', 'Operadores de Circulação Aérea e Radaristas de Tráfego (FAP)');
INSERT INTO `tblCursos` (`Curso`, `TpCurso`, `SubTipo`, `Descr`) VALUES ('269', 'P', 'P63', 'Operadores de Comunicações (FAP)');
INSERT INTO `tblCursos` (`Curso`, `TpCurso`, `SubTipo`, `Descr`) VALUES ('270', 'P', 'P63', 'Operadores de Radaristas de Deteção (FAP)');
INSERT INTO `tblCursos` (`Curso`, `TpCurso`, `SubTipo`, `Descr`) VALUES ('271', 'P', 'P63', 'Operadores de Sistemas de Assistência e Socorros (FAP)');
INSERT INTO `tblCursos` (`Curso`, `TpCurso`, `SubTipo`, `Descr`) VALUES ('272', 'P', 'P63', 'Paraquedistas (FAP)');
INSERT INTO `tblCursos` (`Curso`, `TpCurso`, `SubTipo`, `Descr`) VALUES ('273', 'P', 'P63', 'Polícia Aérea (FAP)');
INSERT INTO `tblCursos` (`Curso`, `TpCurso`, `SubTipo`, `Descr`) VALUES ('274', 'P', 'P63', 'Secretariado e Apoio dos Serviços (FAP)');
INSERT INTO `tblCursos` (`Curso`, `TpCurso`, `SubTipo`, `Descr`) VALUES ('275', 'P', 'P63', 'Operadores de Meteorologia (FAP)');
INSERT INTO `tblCursos` (`Curso`, `TpCurso`, `SubTipo`, `Descr`) VALUES ('276', 'P', 'P63', 'Informática (FAP)');
INSERT INTO `tblCursos` (`Curso`, `TpCurso`, `SubTipo`, `Descr`) VALUES ('277', 'P', 'P63', 'Construção e Manutenção de Infra-Estruturas (FAP)');
INSERT INTO `tblCursos` (`Curso`, `TpCurso`, `SubTipo`, `Descr`) VALUES ('280', 'P', 'P64', 'Alistamento de Eletrotécnicos (MAR)');
INSERT INTO `tblCursos` (`Curso`, `TpCurso`, `SubTipo`, `Descr`) VALUES ('281', 'P', 'P64', 'Alistamento de Maquinistas Navais (MAR)');
INSERT INTO `tblCursos` (`Curso`, `TpCurso`, `SubTipo`, `Descr`) VALUES ('285', 'P', 'P66', 'Infantaria (EXER)');
INSERT INTO `tblCursos` (`Curso`, `TpCurso`, `SubTipo`, `Descr`) VALUES ('286', 'P', 'P66', 'Artilharia (EXER)');
INSERT INTO `tblCursos` (`Curso`, `TpCurso`, `SubTipo`, `Descr`) VALUES ('287', 'P', 'P66', 'Cavalaria (EXER)');
INSERT INTO `tblCursos` (`Curso`, `TpCurso`, `SubTipo`, `Descr`) VALUES ('288', 'P', 'P66', 'Engenharia (EXER)');
INSERT INTO `tblCursos` (`Curso`, `TpCurso`, `SubTipo`, `Descr`) VALUES ('289', 'P', 'P66', 'Transmissões (EXER)');
INSERT INTO `tblCursos` (`Curso`, `TpCurso`, `SubTipo`, `Descr`) VALUES ('290', 'P', 'P66', 'Administração Militar (EXER)');
INSERT INTO `tblCursos` (`Curso`, `TpCurso`, `SubTipo`, `Descr`) VALUES ('291', 'P', 'P66', 'Material - Mecânica (EXER)');
INSERT INTO `tblCursos` (`Curso`, `TpCurso`, `SubTipo`, `Descr`) VALUES ('292', 'P', 'P66', 'Material - Eletrónica (EXER)');
INSERT INTO `tblCursos` (`Curso`, `TpCurso`, `SubTipo`, `Descr`) VALUES ('293', 'P', 'P66', 'Transporte (EXER)');
INSERT INTO `tblCursos` (`Curso`, `TpCurso`, `SubTipo`, `Descr`) VALUES ('294', 'P', 'P66', 'Pessoal e Secretariado (EXER)');
INSERT INTO `tblCursos` (`Curso`, `TpCurso`, `SubTipo`, `Descr`) VALUES ('295', 'P', 'P66', 'Músicos (EXER)');
INSERT INTO `tblCursos` (`Curso`, `TpCurso`, `SubTipo`, `Descr`) VALUES ('301', 'P', 'P04', 'Fotografia');
INSERT INTO `tblCursos` (`Curso`, `TpCurso`, `SubTipo`, `Descr`) VALUES ('302', 'P', 'P04', 'Instrumentista de Arco');
INSERT INTO `tblCursos` (`Curso`, `TpCurso`, `SubTipo`, `Descr`) VALUES ('303', 'P', 'P04', 'Piano');
INSERT INTO `tblCursos` (`Curso`, `TpCurso`, `SubTipo`, `Descr`) VALUES ('304', 'P', 'P04', 'Prática Coral');
INSERT INTO `tblCursos` (`Curso`, `TpCurso`, `SubTipo`, `Descr`) VALUES ('305', 'P', 'P12', 'Técnico de Animação Social');
INSERT INTO `tblCursos` (`Curso`, `TpCurso`, `SubTipo`, `Descr`) VALUES ('306', 'P', 'P15', 'Química Tecnológica/Técnico de Produção');
INSERT INTO `tblCursos` (`Curso`, `TpCurso`, `SubTipo`, `Descr`) VALUES ('307', 'P', 'P02', 'Técnico de Indústrias de Carnes');
INSERT INTO `tblCursos` (`Curso`, `TpCurso`, `SubTipo`, `Descr`) VALUES ('308', 'P', 'P01', 'Técnico de Administração Naval');
INSERT INTO `tblCursos` (`Curso`, `TpCurso`, `SubTipo`, `Descr`) VALUES ('309', 'P', 'P12', 'Animador Social /Técnico de Desenvolvimento');
INSERT INTO `tblCursos` (`Curso`, `TpCurso`, `SubTipo`, `Descr`) VALUES ('310', 'P', 'P14', 'Técnico de Arte de Trabalhar Madeira');
INSERT INTO `tblCursos` (`Curso`, `TpCurso`, `SubTipo`, `Descr`) VALUES ('311', 'P', 'P10', 'Técnico de Comunicação/Técnicas Audiovisuais');
INSERT INTO `tblCursos` (`Curso`, `TpCurso`, `SubTipo`, `Descr`) VALUES ('312', 'P', 'P10', 'Técnico de Comunicação/Técnicas Jornalísticas');
INSERT INTO `tblCursos` (`Curso`, `TpCurso`, `SubTipo`, `Descr`) VALUES ('313', 'P', 'P16', 'Técnico de Confeção/Modelagem');
INSERT INTO `tblCursos` (`Curso`, `TpCurso`, `SubTipo`, `Descr`) VALUES ('314', 'P', 'P14', 'Técnico de Conservação e Restauro de Cerâmica');
INSERT INTO `tblCursos` (`Curso`, `TpCurso`, `SubTipo`, `Descr`) VALUES ('315', 'P', 'P14', 'Técnico de Arte de Trabalhar Metais');
INSERT INTO `tblCursos` (`Curso`, `TpCurso`, `SubTipo`, `Descr`) VALUES ('316', 'P', 'P02', 'Técnico de Controlo de Qualidade Alimentar');
INSERT INTO `tblCursos` (`Curso`, `TpCurso`, `SubTipo`, `Descr`) VALUES ('317', 'P', 'P16', 'Técnico de Coordenação e Produção de Moda');
INSERT INTO `tblCursos` (`Curso`, `TpCurso`, `SubTipo`, `Descr`) VALUES ('318', 'P', 'P07', 'Técnico de Design Industrial');
INSERT INTO `tblCursos` (`Curso`, `TpCurso`, `SubTipo`, `Descr`) VALUES ('319', 'P', 'P15', 'Técnico de Fibra de Vidro');
INSERT INTO `tblCursos` (`Curso`, `TpCurso`, `SubTipo`, `Descr`) VALUES ('320', 'P', 'P07', 'Desenhador Projetista');
INSERT INTO `tblCursos` (`Curso`, `TpCurso`, `SubTipo`, `Descr`) VALUES ('321', 'P', 'P03', 'Técnico de Gestão Ambiental e Paisagista');
INSERT INTO `tblCursos` (`Curso`, `TpCurso`, `SubTipo`, `Descr`) VALUES ('322', 'P', 'P07', 'Design de Equipamentos (Interiores e Exteriores)');
INSERT INTO `tblCursos` (`Curso`, `TpCurso`, `SubTipo`, `Descr`) VALUES ('323', 'P', 'P03', 'Técnico de Gestão de Ambiente e Energia');
INSERT INTO `tblCursos` (`Curso`, `TpCurso`, `SubTipo`, `Descr`) VALUES ('324', 'P', 'P03', 'Técnico de Gestão do Ambiente e Recursos Hídricos');
INSERT INTO `tblCursos` (`Curso`, `TpCurso`, `SubTipo`, `Descr`) VALUES ('325', 'P', 'P13', 'Técnico de Manutenção Eletromecânica');
INSERT INTO `tblCursos` (`Curso`, `TpCurso`, `SubTipo`, `Descr`) VALUES ('326', 'P', 'P13', 'Técnico de Mecânica/Conservação Máquinas Agríc.e Florestais');
INSERT INTO `tblCursos` (`Curso`, `TpCurso`, `SubTipo`, `Descr`) VALUES ('327', 'P', 'P13', 'Técnico de Mecânica/Desenho de Construção Metalo-Mecânica');
INSERT INTO `tblCursos` (`Curso`, `TpCurso`, `SubTipo`, `Descr`) VALUES ('328', 'P', 'P13', 'Técnico de Mecânica/Energias Alternativas');
INSERT INTO `tblCursos` (`Curso`, `TpCurso`, `SubTipo`, `Descr`) VALUES ('329', 'P', 'P13', 'Técnico de Mecânica/Reparação e Manutenção Naval');
INSERT INTO `tblCursos` (`Curso`, `TpCurso`, `SubTipo`, `Descr`) VALUES ('330', 'P', 'P14', 'Técnico de Cerâmica/Modelação e Decoração');
INSERT INTO `tblCursos` (`Curso`, `TpCurso`, `SubTipo`, `Descr`) VALUES ('331', 'P', 'P01', 'Técnico de Planeamento e Gestão de Produção');
INSERT INTO `tblCursos` (`Curso`, `TpCurso`, `SubTipo`, `Descr`) VALUES ('332', 'P', 'P02', 'Técnico de Produção Animal');
INSERT INTO `tblCursos` (`Curso`, `TpCurso`, `SubTipo`, `Descr`) VALUES ('333', 'P', 'P02', 'Técnico de Produção Animal/Transformação');
INSERT INTO `tblCursos` (`Curso`, `TpCurso`, `SubTipo`, `Descr`) VALUES ('334', 'P', 'P02', 'Técnico de Produção Vegetal');
INSERT INTO `tblCursos` (`Curso`, `TpCurso`, `SubTipo`, `Descr`) VALUES ('335', 'P', 'P03', 'Técnico de Qualidade Ambiental/Reconversão e Reciclagem');
INSERT INTO `tblCursos` (`Curso`, `TpCurso`, `SubTipo`, `Descr`) VALUES ('336', 'P', 'P03', 'Técnico de Transformação e Preparação de Madeiras');
INSERT INTO `tblCursos` (`Curso`, `TpCurso`, `SubTipo`, `Descr`) VALUES ('337', 'P', 'P09', 'Técnico de Turismo Ambiental e Rural');
INSERT INTO `tblCursos` (`Curso`, `TpCurso`, `SubTipo`, `Descr`) VALUES ('338', 'P', 'P02', 'Técnico de Vitivinicultura');
INSERT INTO `tblCursos` (`Curso`, `TpCurso`, `SubTipo`, `Descr`) VALUES ('339', 'P', 'P01', 'Técnico de Seguros de Saúde');
INSERT INTO `tblCursos` (`Curso`, `TpCurso`, `SubTipo`, `Descr`) VALUES ('340', 'P', 'P09', 'Técnico de Cozinha/Pastelaria e Geladaria');
INSERT INTO `tblCursos` (`Curso`, `TpCurso`, `SubTipo`, `Descr`) VALUES ('341', 'P', 'P01', 'Técnico de Gestão de Produção');
INSERT INTO `tblCursos` (`Curso`, `TpCurso`, `SubTipo`, `Descr`) VALUES ('342', 'P', 'P01', 'Técnico de Serviços Comerciais/Vendas');
INSERT INTO `tblCursos` (`Curso`, `TpCurso`, `SubTipo`, `Descr`) VALUES ('343', 'P', 'P01', 'Técnico de Transportes');
INSERT INTO `tblCursos` (`Curso`, `TpCurso`, `SubTipo`, `Descr`) VALUES ('344', 'P', 'P01', 'Técnico de Contabilidade em Organização de Economia Social');
INSERT INTO `tblCursos` (`Curso`, `TpCurso`, `SubTipo`, `Descr`) VALUES ('345', 'P', 'P62', 'Profissionais de Formação Bancária (IFB)');
INSERT INTO `tblCursos` (`Curso`, `TpCurso`, `SubTipo`, `Descr`) VALUES ('346', 'P', 'P01', 'Técnico de Administração e Comércio');
INSERT INTO `tblCursos` (`Curso`, `TpCurso`, `SubTipo`, `Descr`) VALUES ('347', 'P', 'P01', 'Técnico de Marketing');
INSERT INTO `tblCursos` (`Curso`, `TpCurso`, `SubTipo`, `Descr`) VALUES ('349', 'P', 'P02', 'Técnico de Gestão Equina');
INSERT INTO `tblCursos` (`Curso`, `TpCurso`, `SubTipo`, `Descr`) VALUES ('350', 'P', 'P02', 'Técnico de Gestão Cinegética');
INSERT INTO `tblCursos` (`Curso`, `TpCurso`, `SubTipo`, `Descr`) VALUES ('351', 'P', 'P02', 'Técnico de Gestão e Recup.de Espaços Verdes');
INSERT INTO `tblCursos` (`Curso`, `TpCurso`, `SubTipo`, `Descr`) VALUES ('352', 'P', 'P03', 'Técnico de Cartografia');
INSERT INTO `tblCursos` (`Curso`, `TpCurso`, `SubTipo`, `Descr`) VALUES ('353', 'P', 'P03', 'Técnico de Gestão do Ambiente');
INSERT INTO `tblCursos` (`Curso`, `TpCurso`, `SubTipo`, `Descr`) VALUES ('354', 'P', 'P04', 'Produção do Espetáculo');
INSERT INTO `tblCursos` (`Curso`, `TpCurso`, `SubTipo`, `Descr`) VALUES ('355', 'P', 'P04', 'Canto');
INSERT INTO `tblCursos` (`Curso`, `TpCurso`, `SubTipo`, `Descr`) VALUES ('356', 'P', 'P04', 'Técnico de Áudio');
INSERT INTO `tblCursos` (`Curso`, `TpCurso`, `SubTipo`, `Descr`) VALUES ('357', 'P', 'P04', 'Instrumento Melódico');
INSERT INTO `tblCursos` (`Curso`, `TpCurso`, `SubTipo`, `Descr`) VALUES ('358', 'P', 'P04', 'Instrumento Harmónico');
INSERT INTO `tblCursos` (`Curso`, `TpCurso`, `SubTipo`, `Descr`) VALUES ('359', 'P', 'P04', 'Técnico de Cinema e Animação');
INSERT INTO `tblCursos` (`Curso`, `TpCurso`, `SubTipo`, `Descr`) VALUES ('360', 'P', 'P10', 'Técnico de Arquivo');
INSERT INTO `tblCursos` (`Curso`, `TpCurso`, `SubTipo`, `Descr`) VALUES ('361', 'P', 'P04', 'Construção e Reparação de Instrumento de Arco');
INSERT INTO `tblCursos` (`Curso`, `TpCurso`, `SubTipo`, `Descr`) VALUES ('362', 'P', 'P04', 'Teatro/Luminotecnia');
INSERT INTO `tblCursos` (`Curso`, `TpCurso`, `SubTipo`, `Descr`) VALUES ('363', 'P', 'P05', 'Técnico de Artes Gráficas');
INSERT INTO `tblCursos` (`Curso`, `TpCurso`, `SubTipo`, `Descr`) VALUES ('364', 'P', 'P04', 'Técnico de Audiovisuais');
INSERT INTO `tblCursos` (`Curso`, `TpCurso`, `SubTipo`, `Descr`) VALUES ('365', 'P', 'P04', 'Instrumento de Cordas');
INSERT INTO `tblCursos` (`Curso`, `TpCurso`, `SubTipo`, `Descr`) VALUES ('366', 'P', 'P05', 'Técnico de Artes Gráficas/Desenho');
INSERT INTO `tblCursos` (`Curso`, `TpCurso`, `SubTipo`, `Descr`) VALUES ('367', 'P', 'P04', 'Técnico de Fotografia');
INSERT INTO `tblCursos` (`Curso`, `TpCurso`, `SubTipo`, `Descr`) VALUES ('368', 'P', 'P04', 'Teoria e Composição');
INSERT INTO `tblCursos` (`Curso`, `TpCurso`, `SubTipo`, `Descr`) VALUES ('369', 'P', 'P05', 'Técnico de Artes Gráficas/Fotocomposição');
INSERT INTO `tblCursos` (`Curso`, `TpCurso`, `SubTipo`, `Descr`) VALUES ('370', 'P', 'P04', 'Artes e Animação Circense');
INSERT INTO `tblCursos` (`Curso`, `TpCurso`, `SubTipo`, `Descr`) VALUES ('371', 'P', 'P04', 'Realização Plástica do Espetáculo');
INSERT INTO `tblCursos` (`Curso`, `TpCurso`, `SubTipo`, `Descr`) VALUES ('372', 'P', 'P05', 'Técnico de Artes Gráficas/Impressão');
INSERT INTO `tblCursos` (`Curso`, `TpCurso`, `SubTipo`, `Descr`) VALUES ('373', 'P', 'P04', 'Artes e Técnicas do Espetáculo');
INSERT INTO `tblCursos` (`Curso`, `TpCurso`, `SubTipo`, `Descr`) VALUES ('374', 'P', 'P04', 'Técnico de Vídeo e Áudio/Produção/Pós-Produção');
INSERT INTO `tblCursos` (`Curso`, `TpCurso`, `SubTipo`, `Descr`) VALUES ('375', 'P', 'P10', 'Técnico de Biblioteca e Documentação');
INSERT INTO `tblCursos` (`Curso`, `TpCurso`, `SubTipo`, `Descr`) VALUES ('376', 'P', 'P04', 'Técnico de Áudio e Vídeo');
INSERT INTO `tblCursos` (`Curso`, `TpCurso`, `SubTipo`, `Descr`) VALUES ('377', 'P', 'P05', 'Técnico de Indústrias Gráficas');
INSERT INTO `tblCursos` (`Curso`, `TpCurso`, `SubTipo`, `Descr`) VALUES ('378', 'P', 'P05', 'Técnico de Desenho Gráfico');
INSERT INTO `tblCursos` (`Curso`, `TpCurso`, `SubTipo`, `Descr`) VALUES ('379', 'P', 'P06', 'Técnico de Construção Civil/Carpintaria');
INSERT INTO `tblCursos` (`Curso`, `TpCurso`, `SubTipo`, `Descr`) VALUES ('380', 'P', 'P07', 'Técnico de Design');
INSERT INTO `tblCursos` (`Curso`, `TpCurso`, `SubTipo`, `Descr`) VALUES ('381', 'P', 'P10', 'Técnico de Comunicação/Marketing,Rel.Públicas e Publicidade');
INSERT INTO `tblCursos` (`Curso`, `TpCurso`, `SubTipo`, `Descr`) VALUES ('382', 'P', 'P08', 'Técnico de Instalações Elétricas');
INSERT INTO `tblCursos` (`Curso`, `TpCurso`, `SubTipo`, `Descr`) VALUES ('383', 'P', 'P08', 'Técnico de Mecatrónica');
INSERT INTO `tblCursos` (`Curso`, `TpCurso`, `SubTipo`, `Descr`) VALUES ('384', 'P', 'P01', 'Técnico de Comércio');
INSERT INTO `tblCursos` (`Curso`, `TpCurso`, `SubTipo`, `Descr`) VALUES ('385', 'P', 'P08', 'Técnico de Eletrotecnia');
INSERT INTO `tblCursos` (`Curso`, `TpCurso`, `SubTipo`, `Descr`) VALUES ('386', 'P', 'P09', 'Técnico de Turismo/Prof. Informação e Animação Turística');
INSERT INTO `tblCursos` (`Curso`, `TpCurso`, `SubTipo`, `Descr`) VALUES ('387', 'P', 'P16', 'Técnico de Confeção/Estilismo Industrial');
INSERT INTO `tblCursos` (`Curso`, `TpCurso`, `SubTipo`, `Descr`) VALUES ('388', 'P', 'P10', 'Técnico de Comunicação/Edição Gráfica');
INSERT INTO `tblCursos` (`Curso`, `TpCurso`, `SubTipo`, `Descr`) VALUES ('389', 'P', 'P12', 'Animador Sociocultural');
INSERT INTO `tblCursos` (`Curso`, `TpCurso`, `SubTipo`, `Descr`) VALUES ('390', 'P', 'P12', 'Animador Sociocultural/Organização e Apoio nas Áreas Sociais');
INSERT INTO `tblCursos` (`Curso`, `TpCurso`, `SubTipo`, `Descr`) VALUES ('391', 'P', 'P16', 'Técnico de Confeção/Modelagem Industrial');
INSERT INTO `tblCursos` (`Curso`, `TpCurso`, `SubTipo`, `Descr`) VALUES ('392', 'P', 'P12', 'Animador Sociocultural/Desporto');
INSERT INTO `tblCursos` (`Curso`, `TpCurso`, `SubTipo`, `Descr`) VALUES ('393', 'P', 'P12', 'Técnico Adjunto de Saúde');
INSERT INTO `tblCursos` (`Curso`, `TpCurso`, `SubTipo`, `Descr`) VALUES ('394', 'P', 'P16', 'Técnico de Confeção/Produção');
INSERT INTO `tblCursos` (`Curso`, `TpCurso`, `SubTipo`, `Descr`) VALUES ('395', 'P', 'P12', 'Animador Sociocultural/Técnico de Reinserção');
INSERT INTO `tblCursos` (`Curso`, `TpCurso`, `SubTipo`, `Descr`) VALUES ('396', 'P', 'P12', 'Técnico Auxiliar de Infância');
INSERT INTO `tblCursos` (`Curso`, `TpCurso`, `SubTipo`, `Descr`) VALUES ('397', 'P', 'P14', 'Técnico de Conservação e Restauro de Bens Culturais');
INSERT INTO `tblCursos` (`Curso`, `TpCurso`, `SubTipo`, `Descr`) VALUES ('398', 'P', 'P08', 'Técnico de Automação Industrial');
INSERT INTO `tblCursos` (`Curso`, `TpCurso`, `SubTipo`, `Descr`) VALUES ('399', 'P', 'P14', 'Técnico de Cerâmica');
INSERT INTO `tblCursos` (`Curso`, `TpCurso`, `SubTipo`, `Descr`) VALUES ('400', 'P', 'P06', 'Técnico de Construção Civil/Condução de Obra');
INSERT INTO `tblCursos` (`Curso`, `TpCurso`, `SubTipo`, `Descr`) VALUES ('401', 'P', 'P14', 'Técnico da Pedra/Restauro e Conservação');
INSERT INTO `tblCursos` (`Curso`, `TpCurso`, `SubTipo`, `Descr`) VALUES ('402', 'P', 'P14', 'Técnico de Decoração do Vidro/Gravação-Lapidação/Pintura');
INSERT INTO `tblCursos` (`Curso`, `TpCurso`, `SubTipo`, `Descr`) VALUES ('403', 'P', 'P06', 'Técnico de Construção Civil/Desenho');
INSERT INTO `tblCursos` (`Curso`, `TpCurso`, `SubTipo`, `Descr`) VALUES ('404', 'P', 'P14', 'Técnico de Conserv. e Restauro de Bens Culturais/Pintura');
INSERT INTO `tblCursos` (`Curso`, `TpCurso`, `SubTipo`, `Descr`) VALUES ('405', 'P', 'P14', 'Técnico de Conserv. e Restauro de Bens Culturais/Escultura');
INSERT INTO `tblCursos` (`Curso`, `TpCurso`, `SubTipo`, `Descr`) VALUES ('406', 'P', 'P06', 'Técnico de Construção Civil/Medições e Orçamentos');
INSERT INTO `tblCursos` (`Curso`, `TpCurso`, `SubTipo`, `Descr`) VALUES ('407', 'P', 'P14', 'Artífice Qualificado');
INSERT INTO `tblCursos` (`Curso`, `TpCurso`, `SubTipo`, `Descr`) VALUES ('408', 'P', 'P14', 'Mestre de Cantaria (Técnico Empresário)');
INSERT INTO `tblCursos` (`Curso`, `TpCurso`, `SubTipo`, `Descr`) VALUES ('409', 'P', 'P06', 'Técnico de Construção Civil/Topografia');
INSERT INTO `tblCursos` (`Curso`, `TpCurso`, `SubTipo`, `Descr`) VALUES ('410', 'P', 'P14', 'Mestre de Serralharia Artística (Técnico Empresário)');
INSERT INTO `tblCursos` (`Curso`, `TpCurso`, `SubTipo`, `Descr`) VALUES ('411', 'P', 'P14', 'Mestre de Fabrico de Queijo (Técnico Empresário)');
INSERT INTO `tblCursos` (`Curso`, `TpCurso`, `SubTipo`, `Descr`) VALUES ('412', 'P', 'P01', 'Técnico de Contabilidade');
INSERT INTO `tblCursos` (`Curso`, `TpCurso`, `SubTipo`, `Descr`) VALUES ('413', 'P', 'P14', 'Mestre de Construção Civil Tradicional (Técnico Empresário)');
INSERT INTO `tblCursos` (`Curso`, `TpCurso`, `SubTipo`, `Descr`) VALUES ('414', 'P', 'P14', 'Técnico Auxiliar de Conservação e Restauro de Talha');
INSERT INTO `tblCursos` (`Curso`, `TpCurso`, `SubTipo`, `Descr`) VALUES ('415', 'P', 'P14', 'Técnico de Decoração e Pintura Cerâmica e Azulejo');
INSERT INTO `tblCursos` (`Curso`, `TpCurso`, `SubTipo`, `Descr`) VALUES ('416', 'P', 'P14', 'Mestre de Cerâmica Artística (Técnico Empresário)');
INSERT INTO `tblCursos` (`Curso`, `TpCurso`, `SubTipo`, `Descr`) VALUES ('417', 'P', 'P14', 'Técnico de Património Cultural - Gestão e Divulgação');
INSERT INTO `tblCursos` (`Curso`, `TpCurso`, `SubTipo`, `Descr`) VALUES ('418', 'P', 'P16', 'Técnico de Design de Moda');
INSERT INTO `tblCursos` (`Curso`, `TpCurso`, `SubTipo`, `Descr`) VALUES ('419', 'P', 'P14', 'Técnico de Artes em Granito');
INSERT INTO `tblCursos` (`Curso`, `TpCurso`, `SubTipo`, `Descr`) VALUES ('420', 'P', 'P15', 'Química Tecnológica');
INSERT INTO `tblCursos` (`Curso`, `TpCurso`, `SubTipo`, `Descr`) VALUES ('421', 'P', 'P15', 'Química Tecnológica/Técnico de Laboratório/Análises Químicas');
INSERT INTO `tblCursos` (`Curso`, `TpCurso`, `SubTipo`, `Descr`) VALUES ('422', 'P', 'P17', 'Técnico de Ótica Ocular');
INSERT INTO `tblCursos` (`Curso`, `TpCurso`, `SubTipo`, `Descr`) VALUES ('423', 'P', 'P16', 'Técnico de Produção Têxtil/Malhas');
INSERT INTO `tblCursos` (`Curso`, `TpCurso`, `SubTipo`, `Descr`) VALUES ('424', 'P', 'P08', 'Técnico de Eletrónica/Áudio, Vídeo, TV');
INSERT INTO `tblCursos` (`Curso`, `TpCurso`, `SubTipo`, `Descr`) VALUES ('425', 'P', 'P01', 'Técnico de Organização e Gestão de Empresas/Produção');
INSERT INTO `tblCursos` (`Curso`, `TpCurso`, `SubTipo`, `Descr`) VALUES ('426', 'P', 'P16', 'Técnico de Estilismo Industrial');
INSERT INTO `tblCursos` (`Curso`, `TpCurso`, `SubTipo`, `Descr`) VALUES ('427', 'P', 'P08', 'Técnico de Eletrónica/Hardware');
INSERT INTO `tblCursos` (`Curso`, `TpCurso`, `SubTipo`, `Descr`) VALUES ('428', 'P', 'P16', 'Técnico de Controlo de Qualidade Para a Confeção');
INSERT INTO `tblCursos` (`Curso`, `TpCurso`, `SubTipo`, `Descr`) VALUES ('429', 'P', 'P16', 'Técnico de Gestão de Produção/Vestuário');
INSERT INTO `tblCursos` (`Curso`, `TpCurso`, `SubTipo`, `Descr`) VALUES ('430', 'P', 'P08', 'Técnico de Eletrónica/Comando');
INSERT INTO `tblCursos` (`Curso`, `TpCurso`, `SubTipo`, `Descr`) VALUES ('431', 'P', 'P17', 'Sistemas de Informação Geográfica');
INSERT INTO `tblCursos` (`Curso`, `TpCurso`, `SubTipo`, `Descr`) VALUES ('432', 'P', 'P02', 'Técnico de Viticultura e Enologia');
INSERT INTO `tblCursos` (`Curso`, `TpCurso`, `SubTipo`, `Descr`) VALUES ('433', 'P', 'P01', 'Técnico de Gestão');
INSERT INTO `tblCursos` (`Curso`, `TpCurso`, `SubTipo`, `Descr`) VALUES ('434', 'P', 'P06', 'Técnico de Construção Civil');
INSERT INTO `tblCursos` (`Curso`, `TpCurso`, `SubTipo`, `Descr`) VALUES ('435', 'P', 'P13', 'Técnico de Mecânica/Gás');
INSERT INTO `tblCursos` (`Curso`, `TpCurso`, `SubTipo`, `Descr`) VALUES ('436', 'P', 'P02', 'Técnico de Gestão Agrícola');
INSERT INTO `tblCursos` (`Curso`, `TpCurso`, `SubTipo`, `Descr`) VALUES ('437', 'P', 'P15', 'Técnico de Controlo de Qualidade');
INSERT INTO `tblCursos` (`Curso`, `TpCurso`, `SubTipo`, `Descr`) VALUES ('438', 'P', 'P01', 'Técnico de Promoção de Vendas');
INSERT INTO `tblCursos` (`Curso`, `TpCurso`, `SubTipo`, `Descr`) VALUES ('439', 'P', 'P01', 'Técnico de Gestão de Pequenas e Médias Empresas e Cooperat.');
INSERT INTO `tblCursos` (`Curso`, `TpCurso`, `SubTipo`, `Descr`) VALUES ('440', 'P', 'P03', 'Técnico de Gestão do Ambiente/Reconversão e Reciclagem');
INSERT INTO `tblCursos` (`Curso`, `TpCurso`, `SubTipo`, `Descr`) VALUES ('441', 'P', 'P04', 'Artes do Espetáculo/Realização Plástica/Realização Técnica');
INSERT INTO `tblCursos` (`Curso`, `TpCurso`, `SubTipo`, `Descr`) VALUES ('442', 'P', 'P03', 'Técnico de Higiene e Segurança No Trabalho e Ambiente');
INSERT INTO `tblCursos` (`Curso`, `TpCurso`, `SubTipo`, `Descr`) VALUES ('443', 'P', 'P04', 'Teatro/Interpretação/Cenografia');
INSERT INTO `tblCursos` (`Curso`, `TpCurso`, `SubTipo`, `Descr`) VALUES ('444', 'P', 'P04', 'Técnico de Desenho Animado');
INSERT INTO `tblCursos` (`Curso`, `TpCurso`, `SubTipo`, `Descr`) VALUES ('445', 'P', 'P09', 'Técnico de Hotelaria/Receção e Atendimento');
INSERT INTO `tblCursos` (`Curso`, `TpCurso`, `SubTipo`, `Descr`) VALUES ('446', 'P', 'P05', 'Técnico de Artes Gráficas/Técnicas de Impressão');
INSERT INTO `tblCursos` (`Curso`, `TpCurso`, `SubTipo`, `Descr`) VALUES ('447', 'P', 'P06', 'Técnico de Constr.Civil/Topog./Medições e Orçamentos/Desenho');
INSERT INTO `tblCursos` (`Curso`, `TpCurso`, `SubTipo`, `Descr`) VALUES ('448', 'P', 'P09', 'Técnico de Hotelaria/Restauração, Organização e Controlo');
INSERT INTO `tblCursos` (`Curso`, `TpCurso`, `SubTipo`, `Descr`) VALUES ('449', 'P', 'P08', 'Técnico de Eletrónica/Áudio, Vídeo, TV/Hardware');
INSERT INTO `tblCursos` (`Curso`, `TpCurso`, `SubTipo`, `Descr`) VALUES ('450', 'P', 'P08', 'Técnico de Eletrónica Industrial e Automação');
INSERT INTO `tblCursos` (`Curso`, `TpCurso`, `SubTipo`, `Descr`) VALUES ('451', 'P', 'P02', 'Técnico de Indústrias Alimentares/Lacticínios');
INSERT INTO `tblCursos` (`Curso`, `TpCurso`, `SubTipo`, `Descr`) VALUES ('452', 'P', 'P08', 'Técnico de Telecomunicações');
INSERT INTO `tblCursos` (`Curso`, `TpCurso`, `SubTipo`, `Descr`) VALUES ('453', 'P', 'P10', 'Técnico de Produção Audiovisual e Multimédia');
INSERT INTO `tblCursos` (`Curso`, `TpCurso`, `SubTipo`, `Descr`) VALUES ('454', 'P', 'P05', 'Técnico de Indústrias Gráficas/Fotocomposição');
INSERT INTO `tblCursos` (`Curso`, `TpCurso`, `SubTipo`, `Descr`) VALUES ('455', 'P', 'P11', 'Técnico de Computação Gráfica Tridimensional');
INSERT INTO `tblCursos` (`Curso`, `TpCurso`, `SubTipo`, `Descr`) VALUES ('456', 'P', 'P12', 'Animador Sociocultural/Organização e Planeamento');
INSERT INTO `tblCursos` (`Curso`, `TpCurso`, `SubTipo`, `Descr`) VALUES ('457', 'P', 'P05', 'Técnico de Indústrias Gráficas/Fotomecânica');
INSERT INTO `tblCursos` (`Curso`, `TpCurso`, `SubTipo`, `Descr`) VALUES ('458', 'P', 'P12', 'Animador Sociocultural/Assistente de Geriatria');
INSERT INTO `tblCursos` (`Curso`, `TpCurso`, `SubTipo`, `Descr`) VALUES ('459', 'P', 'P12', 'Animador Sociocultural/Assistente Familiar');
INSERT INTO `tblCursos` (`Curso`, `TpCurso`, `SubTipo`, `Descr`) VALUES ('460', 'P', 'P05', 'Técnico de Indústrias Gráficas/Impressão');
INSERT INTO `tblCursos` (`Curso`, `TpCurso`, `SubTipo`, `Descr`) VALUES ('461', 'P', 'P12', 'Animador Sociocultural/Técnico Psicossocial');
INSERT INTO `tblCursos` (`Curso`, `TpCurso`, `SubTipo`, `Descr`) VALUES ('462', 'P', 'P12', 'Técnico de Animação Sociocultural');
INSERT INTO `tblCursos` (`Curso`, `TpCurso`, `SubTipo`, `Descr`) VALUES ('463', 'P', 'P13', 'Técnico de Reparação e Manutenção de Embarcações de Recreio');
INSERT INTO `tblCursos` (`Curso`, `TpCurso`, `SubTipo`, `Descr`) VALUES ('464', 'P', 'P14', 'Assistente de Conservação de Património Cultural');
INSERT INTO `tblCursos` (`Curso`, `TpCurso`, `SubTipo`, `Descr`) VALUES ('465', 'P', 'P14', 'Técnico de Cerâmica/Decoração e Pintura de Cerâm. e Azulejo');
INSERT INTO `tblCursos` (`Curso`, `TpCurso`, `SubTipo`, `Descr`) VALUES ('466', 'P', 'P11', 'Técnico de Informática Fundamental');
INSERT INTO `tblCursos` (`Curso`, `TpCurso`, `SubTipo`, `Descr`) VALUES ('467', 'P', 'P14', 'Lojista (Técnico Empresário de Comércio Tradicional)');
INSERT INTO `tblCursos` (`Curso`, `TpCurso`, `SubTipo`, `Descr`) VALUES ('468', 'P', 'P17', 'Técnico de Segurança e Salvamento em Meio Aquático');
INSERT INTO `tblCursos` (`Curso`, `TpCurso`, `SubTipo`, `Descr`) VALUES ('469', 'P', 'P11', 'Técnico de Informática Aplicada');
INSERT INTO `tblCursos` (`Curso`, `TpCurso`, `SubTipo`, `Descr`) VALUES ('470', 'P', 'P17', 'Técnico de Sistemas de Informação');
INSERT INTO `tblCursos` (`Curso`, `TpCurso`, `SubTipo`, `Descr`) VALUES ('471', 'P', 'P17', 'Técnico de Cinofilia');
INSERT INTO `tblCursos` (`Curso`, `TpCurso`, `SubTipo`, `Descr`) VALUES ('472', 'P', 'P11', 'Técnico de Informática/Gestão');
INSERT INTO `tblCursos` (`Curso`, `TpCurso`, `SubTipo`, `Descr`) VALUES ('473', 'P', 'P08', 'Técnico de Eletrónica, Automação e Comando');
INSERT INTO `tblCursos` (`Curso`, `TpCurso`, `SubTipo`, `Descr`) VALUES ('475', 'P', 'P13', 'Técnico de Mecânica/Frio e Climatização');
INSERT INTO `tblCursos` (`Curso`, `TpCurso`, `SubTipo`, `Descr`) VALUES ('478', 'P', 'P14', 'Técnico de Museologia e Património Cultural');
INSERT INTO `tblCursos` (`Curso`, `TpCurso`, `SubTipo`, `Descr`) VALUES ('481', 'P', 'P16', 'Técnico de Produção Têxtil');
INSERT INTO `tblCursos` (`Curso`, `TpCurso`, `SubTipo`, `Descr`) VALUES ('487', 'P', 'P01', 'Técnico de Secretariado');
INSERT INTO `tblCursos` (`Curso`, `TpCurso`, `SubTipo`, `Descr`) VALUES ('490', 'P', 'P01', 'Técnico de Secretariado em Organização de Economia Social');
INSERT INTO `tblCursos` (`Curso`, `TpCurso`, `SubTipo`, `Descr`) VALUES ('493', 'P', 'P01', 'Técnico de Serviços Comerciais');
INSERT INTO `tblCursos` (`Curso`, `TpCurso`, `SubTipo`, `Descr`) VALUES ('496', 'P', 'P01', 'Técnico de Serviços Comerciais/Comércio Externo');
INSERT INTO `tblCursos` (`Curso`, `TpCurso`, `SubTipo`, `Descr`) VALUES ('499', 'P', 'P01', 'Técnico de Serviços Comerciais/Promoção Regional');
INSERT INTO `tblCursos` (`Curso`, `TpCurso`, `SubTipo`, `Descr`) VALUES ('500', 'P', 'P01', 'Técnico de Transportes Marítimos');
INSERT INTO `tblCursos` (`Curso`, `TpCurso`, `SubTipo`, `Descr`) VALUES ('502', 'P', 'P09', 'Técnico de Turismo/Profissionais de Informação Turística');
INSERT INTO `tblCursos` (`Curso`, `TpCurso`, `SubTipo`, `Descr`) VALUES ('505', 'P', 'P14', 'Técnico de Cerâmica/Olaria');
INSERT INTO `tblCursos` (`Curso`, `TpCurso`, `SubTipo`, `Descr`) VALUES ('508', 'P', 'P04', 'Instrumentista de Cordas');
INSERT INTO `tblCursos` (`Curso`, `TpCurso`, `SubTipo`, `Descr`) VALUES ('511', 'P', 'P04', 'Instrumentista de Sopro');
INSERT INTO `tblCursos` (`Curso`, `TpCurso`, `SubTipo`, `Descr`) VALUES ('514', 'P', 'P04', 'Dança');
INSERT INTO `tblCursos` (`Curso`, `TpCurso`, `SubTipo`, `Descr`) VALUES ('517', 'P', 'P16', 'Técnico de Confeção');
INSERT INTO `tblCursos` (`Curso`, `TpCurso`, `SubTipo`, `Descr`) VALUES ('518', 'P', 'P04', 'Ofícios do Espetáculo');
INSERT INTO `tblCursos` (`Curso`, `TpCurso`, `SubTipo`, `Descr`) VALUES ('519', 'P', 'P04', 'Artes Circenses');
INSERT INTO `tblCursos` (`Curso`, `TpCurso`, `SubTipo`, `Descr`) VALUES ('520', 'P', 'P04', 'Técnico de Profissionais de Bailado');
INSERT INTO `tblCursos` (`Curso`, `TpCurso`, `SubTipo`, `Descr`) VALUES ('521', 'P', 'P04', 'Teatro');
INSERT INTO `tblCursos` (`Curso`, `TpCurso`, `SubTipo`, `Descr`) VALUES ('522', 'P', 'P04', 'Teatro/Interpretação');
INSERT INTO `tblCursos` (`Curso`, `TpCurso`, `SubTipo`, `Descr`) VALUES ('524', 'P', 'P04', 'Instrumento');
INSERT INTO `tblCursos` (`Curso`, `TpCurso`, `SubTipo`, `Descr`) VALUES ('525', 'P', 'P04', 'Prática Orquestral');
INSERT INTO `tblCursos` (`Curso`, `TpCurso`, `SubTipo`, `Descr`) VALUES ('526', 'P', 'P04', 'Percussão');
INSERT INTO `tblCursos` (`Curso`, `TpCurso`, `SubTipo`, `Descr`) VALUES ('527', 'P', 'P04', 'Dança Contemporânea');
INSERT INTO `tblCursos` (`Curso`, `TpCurso`, `SubTipo`, `Descr`) VALUES ('528', 'P', 'P04', 'Teatro/Iluminação');
INSERT INTO `tblCursos` (`Curso`, `TpCurso`, `SubTipo`, `Descr`) VALUES ('529', 'P', 'P04', 'Teatro/Cenografia');
INSERT INTO `tblCursos` (`Curso`, `TpCurso`, `SubTipo`, `Descr`) VALUES ('530', 'P', 'P07', 'Técnico Projetista de Mobiliário');
INSERT INTO `tblCursos` (`Curso`, `TpCurso`, `SubTipo`, `Descr`) VALUES ('531', 'P', 'P07', 'Projetista de Desenho Industrial');
INSERT INTO `tblCursos` (`Curso`, `TpCurso`, `SubTipo`, `Descr`) VALUES ('532', 'P', 'P14', 'Técnico de Indústria Cerâmica');
INSERT INTO `tblCursos` (`Curso`, `TpCurso`, `SubTipo`, `Descr`) VALUES ('540', 'P', 'P01', 'Assistente de Gestão');
INSERT INTO `tblCursos` (`Curso`, `TpCurso`, `SubTipo`, `Descr`) VALUES ('541', 'P', 'P15', 'Química Tecnológica/Analista de Laboratório');
INSERT INTO `tblCursos` (`Curso`, `TpCurso`, `SubTipo`, `Descr`) VALUES ('542', 'P', 'P15', 'Química Tecnológica/Técnico Fabril');
INSERT INTO `tblCursos` (`Curso`, `TpCurso`, `SubTipo`, `Descr`) VALUES ('543', 'P', 'P02', 'Técnico Agro-Florestal');
INSERT INTO `tblCursos` (`Curso`, `TpCurso`, `SubTipo`, `Descr`) VALUES ('544', 'P', 'P08', 'Técnico de Eletrónica/Instrumentação Industrial');
INSERT INTO `tblCursos` (`Curso`, `TpCurso`, `SubTipo`, `Descr`) VALUES ('545', 'P', 'P08', 'Técnico de Eletrónica/Telecomunicações');
INSERT INTO `tblCursos` (`Curso`, `TpCurso`, `SubTipo`, `Descr`) VALUES ('546', 'P', 'P02', 'Técnico Florestal');
INSERT INTO `tblCursos` (`Curso`, `TpCurso`, `SubTipo`, `Descr`) VALUES ('547', 'P', 'P03', 'Técnico de Gestão de Ambiente e Recursos Naturais');
INSERT INTO `tblCursos` (`Curso`, `TpCurso`, `SubTipo`, `Descr`) VALUES ('548', 'P', 'P01', 'Técnico de Gestão Industrial');
INSERT INTO `tblCursos` (`Curso`, `TpCurso`, `SubTipo`, `Descr`) VALUES ('549', 'P', 'P01', 'Técnico de Gestão e Organização de Empresas');
INSERT INTO `tblCursos` (`Curso`, `TpCurso`, `SubTipo`, `Descr`) VALUES ('550', 'P', 'P02', 'Técnico de Indústrias Agro-Alimentares');
INSERT INTO `tblCursos` (`Curso`, `TpCurso`, `SubTipo`, `Descr`) VALUES ('551', 'P', 'P11', 'Técnico de Informática/Manutenção de Equipamentos');
INSERT INTO `tblCursos` (`Curso`, `TpCurso`, `SubTipo`, `Descr`) VALUES ('552', 'P', 'P13', 'Técnico de Mecânica/Manutenção Industrial');
INSERT INTO `tblCursos` (`Curso`, `TpCurso`, `SubTipo`, `Descr`) VALUES ('553', 'P', 'P13', 'Técnico de Mecânica/Produção e Controle de Qualidade');
INSERT INTO `tblCursos` (`Curso`, `TpCurso`, `SubTipo`, `Descr`) VALUES ('554', 'P', 'P03', 'Técnico de Recursos Marinhos/Oceanografia Pesqueira');
INSERT INTO `tblCursos` (`Curso`, `TpCurso`, `SubTipo`, `Descr`) VALUES ('555', 'P', 'P03', 'Técnico de Recursos Marinhos/Pescas');
INSERT INTO `tblCursos` (`Curso`, `TpCurso`, `SubTipo`, `Descr`) VALUES ('556', 'P', 'P03', 'Técnico de Recursos Marinhos/Pescado');
INSERT INTO `tblCursos` (`Curso`, `TpCurso`, `SubTipo`, `Descr`) VALUES ('557', 'P', 'P01', 'Técnico de Seguros');
INSERT INTO `tblCursos` (`Curso`, `TpCurso`, `SubTipo`, `Descr`) VALUES ('558', 'P', 'P12', 'Animador Social');
INSERT INTO `tblCursos` (`Curso`, `TpCurso`, `SubTipo`, `Descr`) VALUES ('559', 'P', 'P12', 'Animador Social/Assistente de Geriatria');
INSERT INTO `tblCursos` (`Curso`, `TpCurso`, `SubTipo`, `Descr`) VALUES ('560', 'P', 'P12', 'Animador Social /Organização e Planeamento');
INSERT INTO `tblCursos` (`Curso`, `TpCurso`, `SubTipo`, `Descr`) VALUES ('561', 'P', 'P14', 'Assistente de Arqueólogo');
INSERT INTO `tblCursos` (`Curso`, `TpCurso`, `SubTipo`, `Descr`) VALUES ('562', 'P', 'P01', 'Técnico de Gestão Autárquica');
INSERT INTO `tblCursos` (`Curso`, `TpCurso`, `SubTipo`, `Descr`) VALUES ('563', 'P', 'P10', 'Técnico de Informação Bad/Biblioteca e Serviço Documentação');
INSERT INTO `tblCursos` (`Curso`, `TpCurso`, `SubTipo`, `Descr`) VALUES ('564', 'P', 'P10', 'Técnico de Multimédia');
INSERT INTO `tblCursos` (`Curso`, `TpCurso`, `SubTipo`, `Descr`) VALUES ('565', 'P', 'P10', 'Técnico de Relações Públicas e Publicidade');
INSERT INTO `tblCursos` (`Curso`, `TpCurso`, `SubTipo`, `Descr`) VALUES ('566', 'P', 'P09', 'Técnico de Turismo');
INSERT INTO `tblCursos` (`Curso`, `TpCurso`, `SubTipo`, `Descr`) VALUES ('567', 'P', 'P07', 'Desenhador Projetista de Vestuário');
INSERT INTO `tblCursos` (`Curso`, `TpCurso`, `SubTipo`, `Descr`) VALUES ('568', 'P', 'P16', 'Técnico Projetista de Vestuário');
INSERT INTO `tblCursos` (`Curso`, `TpCurso`, `SubTipo`, `Descr`) VALUES ('569', 'N', 'N26', 'Educação Social');
INSERT INTO `tblCursos` (`Curso`, `TpCurso`, `SubTipo`, `Descr`) VALUES ('570', 'P', 'P12', 'Animador Social /Técnico Psicossocial');
INSERT INTO `tblCursos` (`Curso`, `TpCurso`, `SubTipo`, `Descr`) VALUES ('571', 'N', 'N21', 'Administração e Marketing (Port. 26/2005)');
INSERT INTO `tblCursos` (`Curso`, `TpCurso`, `SubTipo`, `Descr`) VALUES ('572', 'N', 'N21', 'Análises Químico-Biológicas (Port. 26/2005)');
INSERT INTO `tblCursos` (`Curso`, `TpCurso`, `SubTipo`, `Descr`) VALUES ('573', 'N', 'N21', 'Animação e Gestão Desportiva (Port. 26/2005)');
INSERT INTO `tblCursos` (`Curso`, `TpCurso`, `SubTipo`, `Descr`) VALUES ('574', 'N', 'N21', 'Comunicação Multimédia (Port. 26/2005)');
INSERT INTO `tblCursos` (`Curso`, `TpCurso`, `SubTipo`, `Descr`) VALUES ('575', 'N', 'N21', 'Contabilidade e Gestão');
INSERT INTO `tblCursos` (`Curso`, `TpCurso`, `SubTipo`, `Descr`) VALUES ('576', 'N', 'N21', 'Eletrónica Industrial e Automação (Port. 26/2005)');
INSERT INTO `tblCursos` (`Curso`, `TpCurso`, `SubTipo`, `Descr`) VALUES ('577', 'N', 'N21', 'Eletrónica e Telecomunicações (Port. 26/2005)');
INSERT INTO `tblCursos` (`Curso`, `TpCurso`, `SubTipo`, `Descr`) VALUES ('578', 'N', 'N21', 'Informática');
INSERT INTO `tblCursos` (`Curso`, `TpCurso`, `SubTipo`, `Descr`) VALUES ('579', 'N', 'N28', 'Comunicação Social (T) -Port. 38/2005');
INSERT INTO `tblCursos` (`Curso`, `TpCurso`, `SubTipo`, `Descr`) VALUES ('580', 'N', 'N28', 'Desenho de Projeto, Eng. e Arquitetura (T) -Port. 38/2005');
INSERT INTO `tblCursos` (`Curso`, `TpCurso`, `SubTipo`, `Descr`) VALUES ('581', 'N', 'N28', 'Eletrónica (T) -Port. 38/2005');
INSERT INTO `tblCursos` (`Curso`, `TpCurso`, `SubTipo`, `Descr`) VALUES ('582', 'N', 'N28', 'Informática de Gestão (T) -Port. 38/2005');
INSERT INTO `tblCursos` (`Curso`, `TpCurso`, `SubTipo`, `Descr`) VALUES ('583', 'P', 'P02', 'Técnico Vitivinícola');
INSERT INTO `tblCursos` (`Curso`, `TpCurso`, `SubTipo`, `Descr`) VALUES ('584', 'P', 'P04', 'Técnico de Fotografia/Publicitária/Fotojornalismo');
INSERT INTO `tblCursos` (`Curso`, `TpCurso`, `SubTipo`, `Descr`) VALUES ('585', 'P', 'P05', 'Técnico de Indústrias Gráficas/Pré-Impressão');
INSERT INTO `tblCursos` (`Curso`, `TpCurso`, `SubTipo`, `Descr`) VALUES ('586', 'P', 'P09', 'Técnico de Cozinha');
INSERT INTO `tblCursos` (`Curso`, `TpCurso`, `SubTipo`, `Descr`) VALUES ('587', 'P', 'P11', 'Técnico de Informática');
INSERT INTO `tblCursos` (`Curso`, `TpCurso`, `SubTipo`, `Descr`) VALUES ('588', 'P', 'P12', 'Técnico de Animação Social e Desportiva');
INSERT INTO `tblCursos` (`Curso`, `TpCurso`, `SubTipo`, `Descr`) VALUES ('589', 'P', 'P14', 'Técnico de Decoração do Vidro/Pintura');
INSERT INTO `tblCursos` (`Curso`, `TpCurso`, `SubTipo`, `Descr`) VALUES ('590', 'P', 'P01', 'Técnico de Organização e Gestão de Empresas');
INSERT INTO `tblCursos` (`Curso`, `TpCurso`, `SubTipo`, `Descr`) VALUES ('591', 'P', 'P03', 'Técnico Topógrafo /Geómetra');
INSERT INTO `tblCursos` (`Curso`, `TpCurso`, `SubTipo`, `Descr`) VALUES ('592', 'P', 'P17', 'Técnico de Controlo de Qualidade');
INSERT INTO `tblCursos` (`Curso`, `TpCurso`, `SubTipo`, `Descr`) VALUES ('593', 'P', 'P11', 'Técnico de Gestão de Sistemas Informáticos');
INSERT INTO `tblCursos` (`Curso`, `TpCurso`, `SubTipo`, `Descr`) VALUES ('594', 'N', 'N27', 'Produção Gráfica (Colégio dos Órfãos do Porto)');
INSERT INTO `tblCursos` (`Curso`, `TpCurso`, `SubTipo`, `Descr`) VALUES ('595', 'N', 'N28', 'Comunicação Social (CH) -Port. 38/2005');
INSERT INTO `tblCursos` (`Curso`, `TpCurso`, `SubTipo`, `Descr`) VALUES ('596', 'N', 'N28', 'Desenho de Projeto, Eng. e Arquitetura (CH) -Port. 38/2005');
INSERT INTO `tblCursos` (`Curso`, `TpCurso`, `SubTipo`, `Descr`) VALUES ('597', 'N', 'N28', 'Eletrónica (CH) -Port. 38/2005');
INSERT INTO `tblCursos` (`Curso`, `TpCurso`, `SubTipo`, `Descr`) VALUES ('598', 'N', 'N28', 'Informática de Gestão (CH) -Port. 38/2005');
INSERT INTO `tblCursos` (`Curso`, `TpCurso`, `SubTipo`, `Descr`) VALUES ('600', 'N', 'N07', 'Cursos Profissionais (D.L. 74/2004) (Outros Cursos)');
INSERT INTO `tblCursos` (`Curso`, `TpCurso`, `SubTipo`, `Descr`) VALUES ('602', 'T', 'T01', 'Cursos Técnico-Profissionais (Todos os Cursos)');
INSERT INTO `tblCursos` (`Curso`, `TpCurso`, `SubTipo`, `Descr`) VALUES ('604', 'V', 'V01', 'Cursos da Via Profissionalizante do 12º Ano (Todos)');
INSERT INTO `tblCursos` (`Curso`, `TpCurso`, `SubTipo`, `Descr`) VALUES ('606', 'W', 'W01', 'Cursos da Via Profissionalizante dos 10º/12º Anos (Todos)');
INSERT INTO `tblCursos` (`Curso`, `TpCurso`, `SubTipo`, `Descr`) VALUES ('610', 'P', 'P70', 'Cursos Educação Formação (Todos os Cursos)');
INSERT INTO `tblCursos` (`Curso`, `TpCurso`, `SubTipo`, `Descr`) VALUES ('614', 'P', 'P61', 'Educador Social (Inst. Piaget)');
INSERT INTO `tblCursos` (`Curso`, `TpCurso`, `SubTipo`, `Descr`) VALUES ('615', 'P', 'P14', 'Técnico de Conservação e Restauro do Património Edificado');
INSERT INTO `tblCursos` (`Curso`, `TpCurso`, `SubTipo`, `Descr`) VALUES ('616', 'P', 'P14', 'Pintura Decorativa e Douragem');
INSERT INTO `tblCursos` (`Curso`, `TpCurso`, `SubTipo`, `Descr`) VALUES ('617', 'P', 'P14', 'Técnico de Recuperação do Património Edificado');
INSERT INTO `tblCursos` (`Curso`, `TpCurso`, `SubTipo`, `Descr`) VALUES ('619', 'P', 'P16', 'Técnico de Químico Têxtil');
INSERT INTO `tblCursos` (`Curso`, `TpCurso`, `SubTipo`, `Descr`) VALUES ('620', 'P', 'P03', 'Técnico de Cartografia/Desenhador');
INSERT INTO `tblCursos` (`Curso`, `TpCurso`, `SubTipo`, `Descr`) VALUES ('621', 'P', 'P03', 'Técnico de Cartografia/Fotogrametrista');
INSERT INTO `tblCursos` (`Curso`, `TpCurso`, `SubTipo`, `Descr`) VALUES ('622', 'P', 'P16', 'Técnico de Controlo de Qualidade/Calçado e Têxtil');
INSERT INTO `tblCursos` (`Curso`, `TpCurso`, `SubTipo`, `Descr`) VALUES ('623', 'P', 'P16', 'Técnico de Controlo de Qualidade/Têxtil');
INSERT INTO `tblCursos` (`Curso`, `TpCurso`, `SubTipo`, `Descr`) VALUES ('624', 'P', 'P08', 'Técnico de Eletricidade Naval');
INSERT INTO `tblCursos` (`Curso`, `TpCurso`, `SubTipo`, `Descr`) VALUES ('625', 'P', 'P01', 'Técnico de Gestão de Pessoal');
INSERT INTO `tblCursos` (`Curso`, `TpCurso`, `SubTipo`, `Descr`) VALUES ('626', 'P', 'P01', 'Técnico de Gestão /Gestão de Recursos Humanos');
INSERT INTO `tblCursos` (`Curso`, `TpCurso`, `SubTipo`, `Descr`) VALUES ('627', 'P', 'P11', 'Técnico de Informática Aplicada à Indústria');
INSERT INTO `tblCursos` (`Curso`, `TpCurso`, `SubTipo`, `Descr`) VALUES ('628', 'P', 'P13', 'Técnico de Mecânica Naval');
INSERT INTO `tblCursos` (`Curso`, `TpCurso`, `SubTipo`, `Descr`) VALUES ('629', 'P', 'P03', 'Técnico de Topografia/Geómetra');
INSERT INTO `tblCursos` (`Curso`, `TpCurso`, `SubTipo`, `Descr`) VALUES ('630', 'P', 'P01', 'Técnico Transitário');
INSERT INTO `tblCursos` (`Curso`, `TpCurso`, `SubTipo`, `Descr`) VALUES ('631', 'P', 'P02', 'Técnico de Enologia');
INSERT INTO `tblCursos` (`Curso`, `TpCurso`, `SubTipo`, `Descr`) VALUES ('632', 'P', 'P03', 'Técnico de Indústria Corticeira');
INSERT INTO `tblCursos` (`Curso`, `TpCurso`, `SubTipo`, `Descr`) VALUES ('633', 'P', 'P03', 'Técnico de Pedreiras');
INSERT INTO `tblCursos` (`Curso`, `TpCurso`, `SubTipo`, `Descr`) VALUES ('634', 'P', 'P12', 'Animador Social/Assistente Familiar');
INSERT INTO `tblCursos` (`Curso`, `TpCurso`, `SubTipo`, `Descr`) VALUES ('635', 'P', 'P10', 'Técnico de Comunicação/Comunicação Social');
INSERT INTO `tblCursos` (`Curso`, `TpCurso`, `SubTipo`, `Descr`) VALUES ('636', 'P', 'P09', 'Técnico de Turismo Ambiental');
INSERT INTO `tblCursos` (`Curso`, `TpCurso`, `SubTipo`, `Descr`) VALUES ('637', 'P', 'P01', 'Técnico de Serviços Comerciais/Rel. Internacionais');
INSERT INTO `tblCursos` (`Curso`, `TpCurso`, `SubTipo`, `Descr`) VALUES ('638', 'P', 'P14', 'Técnico de Arte de Trabalhar Madeira/Marceneiro e Embutidor');
INSERT INTO `tblCursos` (`Curso`, `TpCurso`, `SubTipo`, `Descr`) VALUES ('639', 'P', 'P14', 'Técnico de Arte de Trabalhar Madeira/Marceneiro e Entalhador');
INSERT INTO `tblCursos` (`Curso`, `TpCurso`, `SubTipo`, `Descr`) VALUES ('640', 'P', 'P14', 'Técnico de Arte de Trabalhar Metais/Cinzelador');
INSERT INTO `tblCursos` (`Curso`, `TpCurso`, `SubTipo`, `Descr`) VALUES ('641', 'P', 'P14', 'Técnico de Arte de Trabalhar Metais/Fundidor');
INSERT INTO `tblCursos` (`Curso`, `TpCurso`, `SubTipo`, `Descr`) VALUES ('642', 'P', 'P14', 'Técnico de Arte de Trabalhar Metais/Serralheiro Artístico');
INSERT INTO `tblCursos` (`Curso`, `TpCurso`, `SubTipo`, `Descr`) VALUES ('643', 'P', 'P14', 'Técnico de Decoração de Vidro');
INSERT INTO `tblCursos` (`Curso`, `TpCurso`, `SubTipo`, `Descr`) VALUES ('644', 'P', 'P16', 'Técnico Projetista de Desenho Industrial/Calçado e Têxtil');
INSERT INTO `tblCursos` (`Curso`, `TpCurso`, `SubTipo`, `Descr`) VALUES ('645', 'P', 'P16', 'Técnico de Estilismo');
INSERT INTO `tblCursos` (`Curso`, `TpCurso`, `SubTipo`, `Descr`) VALUES ('646', 'P', 'P14', 'Técnico de Restauro e Conservação da Pedra');
INSERT INTO `tblCursos` (`Curso`, `TpCurso`, `SubTipo`, `Descr`) VALUES ('650', 'P', 'P14', 'Técnico de Museografia Arqueológica');
INSERT INTO `tblCursos` (`Curso`, `TpCurso`, `SubTipo`, `Descr`) VALUES ('651', 'P', 'P07', 'Técnico de Desenho de Construção Naval');
INSERT INTO `tblCursos` (`Curso`, `TpCurso`, `SubTipo`, `Descr`) VALUES ('652', 'P', 'P01', 'Técnico de Comércio/Marketing');
INSERT INTO `tblCursos` (`Curso`, `TpCurso`, `SubTipo`, `Descr`) VALUES ('653', 'P', 'P04', 'Música e Novas Tecnologias/Instrumento/Canto/Composição');
INSERT INTO `tblCursos` (`Curso`, `TpCurso`, `SubTipo`, `Descr`) VALUES ('654', 'P', 'P04', 'Música e Novas Tecnologias');
INSERT INTO `tblCursos` (`Curso`, `TpCurso`, `SubTipo`, `Descr`) VALUES ('655', 'P', 'P01', 'Técnico de Banca Seguros');
INSERT INTO `tblCursos` (`Curso`, `TpCurso`, `SubTipo`, `Descr`) VALUES ('656', 'P', 'P01', 'Técnico de Gestão (Planeamento e Racionalização da Produção)');
INSERT INTO `tblCursos` (`Curso`, `TpCurso`, `SubTipo`, `Descr`) VALUES ('657', 'P', 'P01', 'Técnico de Gestão (Pme\'s e Cooperativas)');
INSERT INTO `tblCursos` (`Curso`, `TpCurso`, `SubTipo`, `Descr`) VALUES ('658', 'P', 'P01', 'Técnico de Gestão (Recursos Humanos)');
INSERT INTO `tblCursos` (`Curso`, `TpCurso`, `SubTipo`, `Descr`) VALUES ('659', 'P', 'P10', 'Técnico de Comunicação/Audiovisual');
INSERT INTO `tblCursos` (`Curso`, `TpCurso`, `SubTipo`, `Descr`) VALUES ('660', 'P', 'P10', 'Técnico de Comunicação/Técn.Audiovisuais/Técn. Jornalísticas');
INSERT INTO `tblCursos` (`Curso`, `TpCurso`, `SubTipo`, `Descr`) VALUES ('661', 'P', 'P12', 'Técnico Auxiliar Protésico');
INSERT INTO `tblCursos` (`Curso`, `TpCurso`, `SubTipo`, `Descr`) VALUES ('662', 'P', 'P13', 'Técnico de Computação Gráfica Tridimensional');
INSERT INTO `tblCursos` (`Curso`, `TpCurso`, `SubTipo`, `Descr`) VALUES ('663', 'P', 'P01', 'Técnico de Serviços Jurídicos');
INSERT INTO `tblCursos` (`Curso`, `TpCurso`, `SubTipo`, `Descr`) VALUES ('664', 'P', 'P14', 'Técnico de Vitrinismo e Apresentação Visual');
INSERT INTO `tblCursos` (`Curso`, `TpCurso`, `SubTipo`, `Descr`) VALUES ('667', 'N', 'N24', 'Gestão e Dinamização Desportiva');
INSERT INTO `tblCursos` (`Curso`, `TpCurso`, `SubTipo`, `Descr`) VALUES ('668', 'N', 'N24', 'Química Industrial e Ambiental (Port 49/2005)');
INSERT INTO `tblCursos` (`Curso`, `TpCurso`, `SubTipo`, `Descr`) VALUES ('669', 'N', 'N24', 'Informática (Port 49/2005)');
INSERT INTO `tblCursos` (`Curso`, `TpCurso`, `SubTipo`, `Descr`) VALUES ('670', 'N', 'N24', 'Mecânica');
INSERT INTO `tblCursos` (`Curso`, `TpCurso`, `SubTipo`, `Descr`) VALUES ('671', 'N', 'N24', 'Design de Comunicação');
INSERT INTO `tblCursos` (`Curso`, `TpCurso`, `SubTipo`, `Descr`) VALUES ('672', 'N', 'N24', 'Contabilidade e Gestão');
INSERT INTO `tblCursos` (`Curso`, `TpCurso`, `SubTipo`, `Descr`) VALUES ('673', 'N', 'N24', 'Informática de Gestão');
INSERT INTO `tblCursos` (`Curso`, `TpCurso`, `SubTipo`, `Descr`) VALUES ('674', 'N', 'N24', 'Animação Sociocultural');
INSERT INTO `tblCursos` (`Curso`, `TpCurso`, `SubTipo`, `Descr`) VALUES ('675', 'N', 'N24', 'Comunicação, Informação e Multimédia');
INSERT INTO `tblCursos` (`Curso`, `TpCurso`, `SubTipo`, `Descr`) VALUES ('676', 'N', 'N24', 'Design de Comunicação e Multimédia');
INSERT INTO `tblCursos` (`Curso`, `TpCurso`, `SubTipo`, `Descr`) VALUES ('677', 'N', 'N24', 'Turismo Cultural e Ambiental');
INSERT INTO `tblCursos` (`Curso`, `TpCurso`, `SubTipo`, `Descr`) VALUES ('678', 'N', 'N24', 'Química Industrial e Ambiental (Port 817/2009)');
INSERT INTO `tblCursos` (`Curso`, `TpCurso`, `SubTipo`, `Descr`) VALUES ('679', 'N', 'N24', 'Informática (Port 817/2009)');
INSERT INTO `tblCursos` (`Curso`, `TpCurso`, `SubTipo`, `Descr`) VALUES ('701', 'P', 'P50', 'Afinador de Máquinas');
INSERT INTO `tblCursos` (`Curso`, `TpCurso`, `SubTipo`, `Descr`) VALUES ('702', 'P', 'P50', 'Agente de Movimento');
INSERT INTO `tblCursos` (`Curso`, `TpCurso`, `SubTipo`, `Descr`) VALUES ('703', 'P', 'P50', 'Agente de Métodos e Tempos');
INSERT INTO `tblCursos` (`Curso`, `TpCurso`, `SubTipo`, `Descr`) VALUES ('704', 'P', 'P50', 'Agente de Tração');
INSERT INTO `tblCursos` (`Curso`, `TpCurso`, `SubTipo`, `Descr`) VALUES ('705', 'P', 'P50', 'Caixeiro Automóvel');
INSERT INTO `tblCursos` (`Curso`, `TpCurso`, `SubTipo`, `Descr`) VALUES ('706', 'P', 'P50', 'Condutor de Máquinas Automáticas/Vidro');
INSERT INTO `tblCursos` (`Curso`, `TpCurso`, `SubTipo`, `Descr`) VALUES ('707', 'P', 'P50', 'Estilista');
INSERT INTO `tblCursos` (`Curso`, `TpCurso`, `SubTipo`, `Descr`) VALUES ('708', 'P', 'P50', 'Geral Bancário');
INSERT INTO `tblCursos` (`Curso`, `TpCurso`, `SubTipo`, `Descr`) VALUES ('709', 'P', 'P50', 'Medidor Orçamentista');
INSERT INTO `tblCursos` (`Curso`, `TpCurso`, `SubTipo`, `Descr`) VALUES ('710', 'P', 'P50', 'Modelador Cerâmico');
INSERT INTO `tblCursos` (`Curso`, `TpCurso`, `SubTipo`, `Descr`) VALUES ('711', 'P', 'P50', 'Técnico de CAD/CAM');
INSERT INTO `tblCursos` (`Curso`, `TpCurso`, `SubTipo`, `Descr`) VALUES ('712', 'P', 'P50', 'Motorista Marítimo');
INSERT INTO `tblCursos` (`Curso`, `TpCurso`, `SubTipo`, `Descr`) VALUES ('713', 'P', 'P50', 'Ourives');
INSERT INTO `tblCursos` (`Curso`, `TpCurso`, `SubTipo`, `Descr`) VALUES ('715', 'P', 'P50', 'Preparador de Obras');
INSERT INTO `tblCursos` (`Curso`, `TpCurso`, `SubTipo`, `Descr`) VALUES ('716', 'P', 'P50', 'Rececionista de Hotel');
INSERT INTO `tblCursos` (`Curso`, `TpCurso`, `SubTipo`, `Descr`) VALUES ('717', 'P', 'P50', 'Rececionista de Turismo');
INSERT INTO `tblCursos` (`Curso`, `TpCurso`, `SubTipo`, `Descr`) VALUES ('718', 'P', 'P50', 'Refrigeração e Climatização');
INSERT INTO `tblCursos` (`Curso`, `TpCurso`, `SubTipo`, `Descr`) VALUES ('719', 'P', 'P50', 'Tecnologia dos Produtos de Cortiça');
INSERT INTO `tblCursos` (`Curso`, `TpCurso`, `SubTipo`, `Descr`) VALUES ('720', 'P', 'P50', 'Técnico Comercial de Seguros');
INSERT INTO `tblCursos` (`Curso`, `TpCurso`, `SubTipo`, `Descr`) VALUES ('721', 'P', 'P50', 'Técnico de Serviços Pessoais e à Comunidade');
INSERT INTO `tblCursos` (`Curso`, `TpCurso`, `SubTipo`, `Descr`) VALUES ('722', 'P', 'P50', 'Técnico Administrativo');
INSERT INTO `tblCursos` (`Curso`, `TpCurso`, `SubTipo`, `Descr`) VALUES ('723', 'P', 'P50', 'Técnico Afinador');
INSERT INTO `tblCursos` (`Curso`, `TpCurso`, `SubTipo`, `Descr`) VALUES ('724', 'P', 'P50', 'Técnico Colaborador de Farmácia');
INSERT INTO `tblCursos` (`Curso`, `TpCurso`, `SubTipo`, `Descr`) VALUES ('725', 'P', 'P50', 'Técnico Comercial');
INSERT INTO `tblCursos` (`Curso`, `TpCurso`, `SubTipo`, `Descr`) VALUES ('726', 'P', 'P50', 'Técnico da Qualidade');
INSERT INTO `tblCursos` (`Curso`, `TpCurso`, `SubTipo`, `Descr`) VALUES ('727', 'P', 'P50', 'Técnico de Alimentação e Bebidas');
INSERT INTO `tblCursos` (`Curso`, `TpCurso`, `SubTipo`, `Descr`) VALUES ('728', 'P', 'P50', 'Técnico de Aquicultura');
INSERT INTO `tblCursos` (`Curso`, `TpCurso`, `SubTipo`, `Descr`) VALUES ('729', 'P', 'P50', 'Técnico de Calçado');
INSERT INTO `tblCursos` (`Curso`, `TpCurso`, `SubTipo`, `Descr`) VALUES ('730', 'P', 'P50', 'Técnico de Condução de Fornos/Vidro');
INSERT INTO `tblCursos` (`Curso`, `TpCurso`, `SubTipo`, `Descr`) VALUES ('731', 'P', 'P50', 'Técnico de Confeção');
INSERT INTO `tblCursos` (`Curso`, `TpCurso`, `SubTipo`, `Descr`) VALUES ('732', 'P', 'P50', 'Técnico de Construção Civil');
INSERT INTO `tblCursos` (`Curso`, `TpCurso`, `SubTipo`, `Descr`) VALUES ('733', 'P', 'P50', 'Técnico de Contabilidade e Gestão');
INSERT INTO `tblCursos` (`Curso`, `TpCurso`, `SubTipo`, `Descr`) VALUES ('735', 'P', 'P50', 'Técnico de Desenho Gráfico');
INSERT INTO `tblCursos` (`Curso`, `TpCurso`, `SubTipo`, `Descr`) VALUES ('736', 'P', 'P50', 'Técnico de Eletricidade de Edificações');
INSERT INTO `tblCursos` (`Curso`, `TpCurso`, `SubTipo`, `Descr`) VALUES ('737', 'P', 'P50', 'Técnico de Eletricidade de Manutenção');
INSERT INTO `tblCursos` (`Curso`, `TpCurso`, `SubTipo`, `Descr`) VALUES ('738', 'P', 'P50', 'Técnico de Eletricidade e Eletrónica Auto');
INSERT INTO `tblCursos` (`Curso`, `TpCurso`, `SubTipo`, `Descr`) VALUES ('739', 'P', 'P50', 'Técnico de Eletricidade Naval');
INSERT INTO `tblCursos` (`Curso`, `TpCurso`, `SubTipo`, `Descr`) VALUES ('740', 'P', 'P50', 'Técnico de Eletrónica');
INSERT INTO `tblCursos` (`Curso`, `TpCurso`, `SubTipo`, `Descr`) VALUES ('741', 'P', 'P50', 'Técnico de Fabricação Mecânica');
INSERT INTO `tblCursos` (`Curso`, `TpCurso`, `SubTipo`, `Descr`) VALUES ('742', 'P', 'P50', 'Técnico de Fabrico');
INSERT INTO `tblCursos` (`Curso`, `TpCurso`, `SubTipo`, `Descr`) VALUES ('743', 'P', 'P50', 'Técnico de Fabrico de Produtos Lácteos');
INSERT INTO `tblCursos` (`Curso`, `TpCurso`, `SubTipo`, `Descr`) VALUES ('744', 'P', 'P50', 'Técnico de Fiação');
INSERT INTO `tblCursos` (`Curso`, `TpCurso`, `SubTipo`, `Descr`) VALUES ('745', 'P', 'P50', 'Técnico de Laboratório - Fundição');
INSERT INTO `tblCursos` (`Curso`, `TpCurso`, `SubTipo`, `Descr`) VALUES ('746', 'P', 'P50', 'Técnico de Gestão Administrativa');
INSERT INTO `tblCursos` (`Curso`, `TpCurso`, `SubTipo`, `Descr`) VALUES ('747', 'P', 'P50', 'Técnico de Gestão Agrícola');
INSERT INTO `tblCursos` (`Curso`, `TpCurso`, `SubTipo`, `Descr`) VALUES ('748', 'P', 'P50', 'Técnico de Gestão de Energia');
INSERT INTO `tblCursos` (`Curso`, `TpCurso`, `SubTipo`, `Descr`) VALUES ('749', 'P', 'P50', 'Técnico de Gestão de Unidade de Produção Cinegética');
INSERT INTO `tblCursos` (`Curso`, `TpCurso`, `SubTipo`, `Descr`) VALUES ('750', 'P', 'P50', 'Técnico de Gestão Pecuária');
INSERT INTO `tblCursos` (`Curso`, `TpCurso`, `SubTipo`, `Descr`) VALUES ('751', 'P', 'P50', 'Técnico de Gestão/Pescas');
INSERT INTO `tblCursos` (`Curso`, `TpCurso`, `SubTipo`, `Descr`) VALUES ('752', 'P', 'P50', 'Técnico de Indústrias Gráficas');
INSERT INTO `tblCursos` (`Curso`, `TpCurso`, `SubTipo`, `Descr`) VALUES ('753', 'P', 'P50', 'Técnico de Informática');
INSERT INTO `tblCursos` (`Curso`, `TpCurso`, `SubTipo`, `Descr`) VALUES ('754', 'P', 'P50', 'Técnico de Instrumentação');
INSERT INTO `tblCursos` (`Curso`, `TpCurso`, `SubTipo`, `Descr`) VALUES ('755', 'P', 'P50', 'Técnico de Laboratório');
INSERT INTO `tblCursos` (`Curso`, `TpCurso`, `SubTipo`, `Descr`) VALUES ('756', 'P', 'P50', 'Técnico de Madeiras e Mobiliário');
INSERT INTO `tblCursos` (`Curso`, `TpCurso`, `SubTipo`, `Descr`) VALUES ('757', 'P', 'P50', 'Técnico de Malhas');
INSERT INTO `tblCursos` (`Curso`, `TpCurso`, `SubTipo`, `Descr`) VALUES ('758', 'P', 'P50', 'Técnico de Manutenção de Instrumentos de Aeronaves');
INSERT INTO `tblCursos` (`Curso`, `TpCurso`, `SubTipo`, `Descr`) VALUES ('759', 'P', 'P50', 'Técnico de Manutenção de Motores e de Células de Aeronaves');
INSERT INTO `tblCursos` (`Curso`, `TpCurso`, `SubTipo`, `Descr`) VALUES ('760', 'P', 'P50', 'Técnico de Manutenção Elétrica e Eletrónica de Aeronaves');
INSERT INTO `tblCursos` (`Curso`, `TpCurso`, `SubTipo`, `Descr`) VALUES ('761', 'P', 'P50', 'Técnico de Mecânica Marítima');
INSERT INTO `tblCursos` (`Curso`, `TpCurso`, `SubTipo`, `Descr`) VALUES ('762', 'P', 'P50', 'Técnico de Medição e Classificação de Madeiras');
INSERT INTO `tblCursos` (`Curso`, `TpCurso`, `SubTipo`, `Descr`) VALUES ('763', 'P', 'P50', 'Técnico de Modelação de Confeção');
INSERT INTO `tblCursos` (`Curso`, `TpCurso`, `SubTipo`, `Descr`) VALUES ('764', 'P', 'P50', 'Técnico de Secretariado');
INSERT INTO `tblCursos` (`Curso`, `TpCurso`, `SubTipo`, `Descr`) VALUES ('765', 'P', 'P50', 'Técnico de Seguros');
INSERT INTO `tblCursos` (`Curso`, `TpCurso`, `SubTipo`, `Descr`) VALUES ('766', 'P', 'P50', 'Técnico de Sistemas Energéticos');
INSERT INTO `tblCursos` (`Curso`, `TpCurso`, `SubTipo`, `Descr`) VALUES ('767', 'P', 'P50', 'Técnico de Tecelagem');
INSERT INTO `tblCursos` (`Curso`, `TpCurso`, `SubTipo`, `Descr`) VALUES ('768', 'P', 'P50', 'Técnico de Tinturaria e Estamparia');
INSERT INTO `tblCursos` (`Curso`, `TpCurso`, `SubTipo`, `Descr`) VALUES ('769', 'P', 'P50', 'Técnico de Transformação de Produtos Alimentares');
INSERT INTO `tblCursos` (`Curso`, `TpCurso`, `SubTipo`, `Descr`) VALUES ('770', 'P', 'P50', 'Técnico de Transportes');
INSERT INTO `tblCursos` (`Curso`, `TpCurso`, `SubTipo`, `Descr`) VALUES ('771', 'P', 'P50', 'Técnico Florestal');
INSERT INTO `tblCursos` (`Curso`, `TpCurso`, `SubTipo`, `Descr`) VALUES ('772', 'P', 'P50', 'Técnico Industrial de Cerâmica');
INSERT INTO `tblCursos` (`Curso`, `TpCurso`, `SubTipo`, `Descr`) VALUES ('773', 'P', 'P50', 'Técnico Intermédio de Desenho de Construções Mecânicas');
INSERT INTO `tblCursos` (`Curso`, `TpCurso`, `SubTipo`, `Descr`) VALUES ('774', 'P', 'P50', 'Técnico Intermédio de Desenho de Moldes');
INSERT INTO `tblCursos` (`Curso`, `TpCurso`, `SubTipo`, `Descr`) VALUES ('775', 'P', 'P50', 'Técnico Intermédio de Manutenção Eletromecânica');
INSERT INTO `tblCursos` (`Curso`, `TpCurso`, `SubTipo`, `Descr`) VALUES ('776', 'P', 'P50', 'Técnico Intermédio de Manutenção Mecânica');
INSERT INTO `tblCursos` (`Curso`, `TpCurso`, `SubTipo`, `Descr`) VALUES ('777', 'P', 'P50', 'Técnico Intermédio de Programação em CNC');
INSERT INTO `tblCursos` (`Curso`, `TpCurso`, `SubTipo`, `Descr`) VALUES ('778', 'P', 'P50', 'Técnico de Agências de Viagens e Transportes');
INSERT INTO `tblCursos` (`Curso`, `TpCurso`, `SubTipo`, `Descr`) VALUES ('779', 'P', 'P50', 'Técnico Topógrafo');
INSERT INTO `tblCursos` (`Curso`, `TpCurso`, `SubTipo`, `Descr`) VALUES ('780', 'P', 'P50', 'Técnico Vitivinícola');
INSERT INTO `tblCursos` (`Curso`, `TpCurso`, `SubTipo`, `Descr`) VALUES ('782', 'P', 'P50', 'Técnico de Manutenção Industrial (Eletromecânica)');
INSERT INTO `tblCursos` (`Curso`, `TpCurso`, `SubTipo`, `Descr`) VALUES ('783', 'P', 'P50', 'Técn. Apoio à Clínica Dentária e Eletrom. Equip. Méd. Dent.');
INSERT INTO `tblCursos` (`Curso`, `TpCurso`, `SubTipo`, `Descr`) VALUES ('784', 'P', 'P50', 'Técnico Administrativo de Seguros');
INSERT INTO `tblCursos` (`Curso`, `TpCurso`, `SubTipo`, `Descr`) VALUES ('785', 'P', 'P50', 'Técnico de Manutenção Industrial (Mecatrónica)');
INSERT INTO `tblCursos` (`Curso`, `TpCurso`, `SubTipo`, `Descr`) VALUES ('786', 'P', 'P50', 'Técnicas de Informação, Documentação e Comunicação');
INSERT INTO `tblCursos` (`Curso`, `TpCurso`, `SubTipo`, `Descr`) VALUES ('787', 'P', 'P50', 'Técnico de Joalharia/Cravador');
INSERT INTO `tblCursos` (`Curso`, `TpCurso`, `SubTipo`, `Descr`) VALUES ('788', 'P', 'P50', 'Técnico de Ourivesaria');
INSERT INTO `tblCursos` (`Curso`, `TpCurso`, `SubTipo`, `Descr`) VALUES ('789', 'P', 'P50', 'Técnico de Relações Laborais');
INSERT INTO `tblCursos` (`Curso`, `TpCurso`, `SubTipo`, `Descr`) VALUES ('790', 'P', 'P50', 'Técnico de Manutenção Industrial (Metalurgia e Metalomecân.)');
INSERT INTO `tblCursos` (`Curso`, `TpCurso`, `SubTipo`, `Descr`) VALUES ('791', 'P', 'P50', 'Técnico de Projeto de Moldes e Modelos – Fundição');
INSERT INTO `tblCursos` (`Curso`, `TpCurso`, `SubTipo`, `Descr`) VALUES ('792', 'P', 'P50', 'Técnico Instalador de Sistemas de Bioenergia');
INSERT INTO `tblCursos` (`Curso`, `TpCurso`, `SubTipo`, `Descr`) VALUES ('793', 'P', 'P50', 'Técnico Instalador de Sistemas Eólicos');
INSERT INTO `tblCursos` (`Curso`, `TpCurso`, `SubTipo`, `Descr`) VALUES ('794', 'P', 'P50', 'Técnico Instalador de Sistemas Solares Fotovoltaicos');
INSERT INTO `tblCursos` (`Curso`, `TpCurso`, `SubTipo`, `Descr`) VALUES ('795', 'P', 'P50', 'Técnico Instalador de Sistemas Solares Térmicos');
INSERT INTO `tblCursos` (`Curso`, `TpCurso`, `SubTipo`, `Descr`) VALUES ('796', 'P', 'P50', 'Modelista de Vestuário');
INSERT INTO `tblCursos` (`Curso`, `TpCurso`, `SubTipo`, `Descr`) VALUES ('810', 'R', 'R01', 'Agrupamento 1 / Geral');
INSERT INTO `tblCursos` (`Curso`, `TpCurso`, `SubTipo`, `Descr`) VALUES ('811', 'R', 'R01', 'Agrupamento 1 / Construção Civil');
INSERT INTO `tblCursos` (`Curso`, `TpCurso`, `SubTipo`, `Descr`) VALUES ('812', 'R', 'R01', 'Agrupamento 1 / Eletrotecnia/Eletrónica');
INSERT INTO `tblCursos` (`Curso`, `TpCurso`, `SubTipo`, `Descr`) VALUES ('813', 'R', 'R01', 'Agrupamento 1 / Informática');
INSERT INTO `tblCursos` (`Curso`, `TpCurso`, `SubTipo`, `Descr`) VALUES ('814', 'R', 'R01', 'Agrupamento 1 / Mecânica');
INSERT INTO `tblCursos` (`Curso`, `TpCurso`, `SubTipo`, `Descr`) VALUES ('815', 'R', 'R01', 'Agrupamento 1 / Química');
INSERT INTO `tblCursos` (`Curso`, `TpCurso`, `SubTipo`, `Descr`) VALUES ('820', 'R', 'R01', 'Agrupamento 2 / Geral');
INSERT INTO `tblCursos` (`Curso`, `TpCurso`, `SubTipo`, `Descr`) VALUES ('821', 'R', 'R01', 'Agrupamento 2 / Design');
INSERT INTO `tblCursos` (`Curso`, `TpCurso`, `SubTipo`, `Descr`) VALUES ('822', 'R', 'R01', 'Agrupamento 2 / Artes e Ofícios');
INSERT INTO `tblCursos` (`Curso`, `TpCurso`, `SubTipo`, `Descr`) VALUES ('830', 'R', 'R01', 'Agrupamento 3 / Geral');
INSERT INTO `tblCursos` (`Curso`, `TpCurso`, `SubTipo`, `Descr`) VALUES ('831', 'R', 'R01', 'Agrupamento 3 / Administração');
INSERT INTO `tblCursos` (`Curso`, `TpCurso`, `SubTipo`, `Descr`) VALUES ('832', 'R', 'R01', 'Agrupamento 3 / Serviços Comerciais');
INSERT INTO `tblCursos` (`Curso`, `TpCurso`, `SubTipo`, `Descr`) VALUES ('840', 'R', 'R01', 'Agrupamento 4 / Geral');
INSERT INTO `tblCursos` (`Curso`, `TpCurso`, `SubTipo`, `Descr`) VALUES ('841', 'R', 'R01', 'Agrupamento 4 / Comunicação');
INSERT INTO `tblCursos` (`Curso`, `TpCurso`, `SubTipo`, `Descr`) VALUES ('842', 'R', 'R01', 'Agrupamento 4 / Animação Social');
INSERT INTO `tblCursos` (`Curso`, `TpCurso`, `SubTipo`, `Descr`) VALUES ('845', 'R', 'R04', 'Complementar/Secundário de Música');
INSERT INTO `tblCursos` (`Curso`, `TpCurso`, `SubTipo`, `Descr`) VALUES ('846', 'R', 'R04', 'Complementar/Secundário de Dança');
INSERT INTO `tblCursos` (`Curso`, `TpCurso`, `SubTipo`, `Descr`) VALUES ('847', 'R', 'R04', 'Dança - Formação de Bailarinos');
INSERT INTO `tblCursos` (`Curso`, `TpCurso`, `SubTipo`, `Descr`) VALUES ('850', 'R', 'R02', 'Arte e Tecnologias de Comunicação Audiovisual');
INSERT INTO `tblCursos` (`Curso`, `TpCurso`, `SubTipo`, `Descr`) VALUES ('851', 'R', 'R02', 'Arte e Tecnologias de Comunicação Gráfica');
INSERT INTO `tblCursos` (`Curso`, `TpCurso`, `SubTipo`, `Descr`) VALUES ('852', 'R', 'R02', 'Arte e Técnicas de Ourivesaria e Metais');
INSERT INTO `tblCursos` (`Curso`, `TpCurso`, `SubTipo`, `Descr`) VALUES ('853', 'R', 'R02', 'Tecnológico de Arte e Design Cerâmico');
INSERT INTO `tblCursos` (`Curso`, `TpCurso`, `SubTipo`, `Descr`) VALUES ('854', 'R', 'R02', 'Tecnológico de Arte e Design Têxtil');
INSERT INTO `tblCursos` (`Curso`, `TpCurso`, `SubTipo`, `Descr`) VALUES ('855', 'R', 'R02', 'Tecnológico de Design de Equipamento');
INSERT INTO `tblCursos` (`Curso`, `TpCurso`, `SubTipo`, `Descr`) VALUES ('856', 'R', 'R02', 'Geral de Artes 1');
INSERT INTO `tblCursos` (`Curso`, `TpCurso`, `SubTipo`, `Descr`) VALUES ('857', 'R', 'R02', 'Geral de Artes 2');
INSERT INTO `tblCursos` (`Curso`, `TpCurso`, `SubTipo`, `Descr`) VALUES ('858', 'R', 'R03', 'Imagem e Comunicação');
INSERT INTO `tblCursos` (`Curso`, `TpCurso`, `SubTipo`, `Descr`) VALUES ('859', 'R', 'R03', 'Artes Gráficas');
INSERT INTO `tblCursos` (`Curso`, `TpCurso`, `SubTipo`, `Descr`) VALUES ('860', 'R', 'R03', 'Ourivesaria');
INSERT INTO `tblCursos` (`Curso`, `TpCurso`, `SubTipo`, `Descr`) VALUES ('861', 'R', 'R03', 'Cerâmica');
INSERT INTO `tblCursos` (`Curso`, `TpCurso`, `SubTipo`, `Descr`) VALUES ('862', 'R', 'R03', 'Equipamento');
INSERT INTO `tblCursos` (`Curso`, `TpCurso`, `SubTipo`, `Descr`) VALUES ('863', 'R', 'R03', 'Artes Têxteis');
INSERT INTO `tblCursos` (`Curso`, `TpCurso`, `SubTipo`, `Descr`) VALUES ('864', 'R', 'R03', 'Geral de Artes Visuais');
INSERT INTO `tblCursos` (`Curso`, `TpCurso`, `SubTipo`, `Descr`) VALUES ('865', 'R', 'R30', 'Desenhador de Arquitetura');
INSERT INTO `tblCursos` (`Curso`, `TpCurso`, `SubTipo`, `Descr`) VALUES ('866', 'R', 'R30', 'Design de Equipamento e Produtos');
INSERT INTO `tblCursos` (`Curso`, `TpCurso`, `SubTipo`, `Descr`) VALUES ('867', 'R', 'R30', 'Imagem Interativa');
INSERT INTO `tblCursos` (`Curso`, `TpCurso`, `SubTipo`, `Descr`) VALUES ('868', 'R', 'R30', 'Conservação e Restauro do Património');
INSERT INTO `tblCursos` (`Curso`, `TpCurso`, `SubTipo`, `Descr`) VALUES ('870', 'R', 'R31', 'Técnico de Ação Educativa');
INSERT INTO `tblCursos` (`Curso`, `TpCurso`, `SubTipo`, `Descr`) VALUES ('875', 'R', 'R21', 'Técnico de Análises Químico-Biológicas');
INSERT INTO `tblCursos` (`Curso`, `TpCurso`, `SubTipo`, `Descr`) VALUES ('876', 'R', 'R21', 'Técnico de Comunicação Multimédia');
INSERT INTO `tblCursos` (`Curso`, `TpCurso`, `SubTipo`, `Descr`) VALUES ('877', 'R', 'R80', 'Recorrente por Blocos Capitalizáveis / Ciências Exatas');
INSERT INTO `tblCursos` (`Curso`, `TpCurso`, `SubTipo`, `Descr`) VALUES ('878', 'R', 'R80', 'Recorrente por Blocos Capitalizáveis / Ciências Humanas');
INSERT INTO `tblCursos` (`Curso`, `TpCurso`, `SubTipo`, `Descr`) VALUES ('880', 'R', 'R02', 'Arte e Tecnologias de Comunicação Audiovisual (Novos Planos)');
INSERT INTO `tblCursos` (`Curso`, `TpCurso`, `SubTipo`, `Descr`) VALUES ('881', 'R', 'R02', 'Arte e Tecnologias de Comunicação Gráfica (Novos Planos)');
INSERT INTO `tblCursos` (`Curso`, `TpCurso`, `SubTipo`, `Descr`) VALUES ('882', 'R', 'R02', 'Arte e Técnicas de Ourivesaria e Metais (Novos Planos)');
INSERT INTO `tblCursos` (`Curso`, `TpCurso`, `SubTipo`, `Descr`) VALUES ('883', 'R', 'R02', 'Tecnológico de Arte e Design Cerâmico (Novos Planos)');
INSERT INTO `tblCursos` (`Curso`, `TpCurso`, `SubTipo`, `Descr`) VALUES ('884', 'R', 'R02', 'Tecnológico de Arte e Design Têxtil (Novos Planos)');
INSERT INTO `tblCursos` (`Curso`, `TpCurso`, `SubTipo`, `Descr`) VALUES ('885', 'R', 'R02', 'Tecnológico de Design de Equipamento (Novos Planos)');
INSERT INTO `tblCursos` (`Curso`, `TpCurso`, `SubTipo`, `Descr`) VALUES ('886', 'R', 'R02', 'Geral de Artes (Novos Planos)');
INSERT INTO `tblCursos` (`Curso`, `TpCurso`, `SubTipo`, `Descr`) VALUES ('900', 'Q', 'Q01', 'Emigrantes');
INSERT INTO `tblCursos` (`Curso`, `TpCurso`, `SubTipo`, `Descr`) VALUES ('901', 'E', 'E64', '1.º Curso (Despacho 64)');
INSERT INTO `tblCursos` (`Curso`, `TpCurso`, `SubTipo`, `Descr`) VALUES ('902', 'E', 'E64', '2.º Curso (Despacho 64)');
INSERT INTO `tblCursos` (`Curso`, `TpCurso`, `SubTipo`, `Descr`) VALUES ('903', 'E', 'E64', '3.º Curso (Despacho 64)');
INSERT INTO `tblCursos` (`Curso`, `TpCurso`, `SubTipo`, `Descr`) VALUES ('904', 'E', 'E64', '4.º Curso (Despacho 64)');
INSERT INTO `tblCursos` (`Curso`, `TpCurso`, `SubTipo`, `Descr`) VALUES ('905', 'E', 'E64', '5.º Curso (Despacho 64)');
INSERT INTO `tblCursos` (`Curso`, `TpCurso`, `SubTipo`, `Descr`) VALUES ('940', 'Q', 'Q01', 'Escolas Estrangeiras em Portugal');
INSERT INTO `tblCursos` (`Curso`, `TpCurso`, `SubTipo`, `Descr`) VALUES ('950', 'Q', 'Q01', 'Equivalências');
INSERT INTO `tblCursos` (`Curso`, `TpCurso`, `SubTipo`, `Descr`) VALUES ('960', 'Q', 'Q01', 'Equivalências (Desp. N.º 6649/2005)');
INSERT INTO `tblCursos` (`Curso`, `TpCurso`, `SubTipo`, `Descr`) VALUES ('965', 'Q', 'Q01', 'Dec.-Lei 357/2007 (Todas as Vias)');
INSERT INTO `tblCursos` (`Curso`, `TpCurso`, `SubTipo`, `Descr`) VALUES ('966', 'Q', 'Q01', 'Cursos EFA, Formações  Modulares, RVCC  (Todos os Cursos)');
INSERT INTO `tblCursos` (`Curso`, `TpCurso`, `SubTipo`, `Descr`) VALUES ('970', 'N', 'N04', 'Recorrente - Ciências e Tecnologias (DL 74/2004)');
INSERT INTO `tblCursos` (`Curso`, `TpCurso`, `SubTipo`, `Descr`) VALUES ('971', 'N', 'N04', 'Recorrente - Ciências Socioeconómicas (DL 74/2004)');
INSERT INTO `tblCursos` (`Curso`, `TpCurso`, `SubTipo`, `Descr`) VALUES ('972', 'N', 'N04', 'Recorrente - Ciências Sociais e Humanas (DL 74/2004)');
INSERT INTO `tblCursos` (`Curso`, `TpCurso`, `SubTipo`, `Descr`) VALUES ('973', 'N', 'N04', 'Recorrente - Línguas e Literaturas (DL 74/2004)');
INSERT INTO `tblCursos` (`Curso`, `TpCurso`, `SubTipo`, `Descr`) VALUES ('974', 'N', 'N04', 'Recorrente - Artes Visuais (DL 74/2004)');
INSERT INTO `tblCursos` (`Curso`, `TpCurso`, `SubTipo`, `Descr`) VALUES ('975', 'N', 'N05', 'Recorrente - Construção Civil e Edificações');
INSERT INTO `tblCursos` (`Curso`, `TpCurso`, `SubTipo`, `Descr`) VALUES ('976', 'N', 'N05', 'Recorrente - Eletrotecnia e Eletrónica');
INSERT INTO `tblCursos` (`Curso`, `TpCurso`, `SubTipo`, `Descr`) VALUES ('977', 'N', 'N05', 'Recorrente - Informática');
INSERT INTO `tblCursos` (`Curso`, `TpCurso`, `SubTipo`, `Descr`) VALUES ('978', 'N', 'N05', 'Recorrente - Design de Equipamento');
INSERT INTO `tblCursos` (`Curso`, `TpCurso`, `SubTipo`, `Descr`) VALUES ('979', 'N', 'N05', 'Recorrente - Multimédia');
INSERT INTO `tblCursos` (`Curso`, `TpCurso`, `SubTipo`, `Descr`) VALUES ('980', 'N', 'N05', 'Recorrente - Administração');
INSERT INTO `tblCursos` (`Curso`, `TpCurso`, `SubTipo`, `Descr`) VALUES ('981', 'N', 'N05', 'Recorrente - Marketing');
INSERT INTO `tblCursos` (`Curso`, `TpCurso`, `SubTipo`, `Descr`) VALUES ('982', 'N', 'N05', 'Recorrente - Ordenamento do Território e Ambiente');
INSERT INTO `tblCursos` (`Curso`, `TpCurso`, `SubTipo`, `Descr`) VALUES ('983', 'N', 'N05', 'Recorrente - Ação Social');
INSERT INTO `tblCursos` (`Curso`, `TpCurso`, `SubTipo`, `Descr`) VALUES ('984', 'N', 'N05', 'Recorrente - Desporto');
INSERT INTO `tblCursos` (`Curso`, `TpCurso`, `SubTipo`, `Descr`) VALUES ('985', 'N', 'N06', 'Recorrente - Comunicação Audiovisual (DL 74/2004)');
INSERT INTO `tblCursos` (`Curso`, `TpCurso`, `SubTipo`, `Descr`) VALUES ('986', 'N', 'N06', 'Recorrente - Design de Comunicação (DL 74/2004)');
INSERT INTO `tblCursos` (`Curso`, `TpCurso`, `SubTipo`, `Descr`) VALUES ('987', 'N', 'N06', 'Recorrente - Design de Produto (DL 74/2004)');
INSERT INTO `tblCursos` (`Curso`, `TpCurso`, `SubTipo`, `Descr`) VALUES ('988', 'N', 'N06', 'Recorrente - Produção Artística (DL 74/2004)');
INSERT INTO `tblCursos` (`Curso`, `TpCurso`, `SubTipo`, `Descr`) VALUES ('991', 'N', 'N20', 'Área de Ciências e Saúde (Col. Carvalhos)');
INSERT INTO `tblCursos` (`Curso`, `TpCurso`, `SubTipo`, `Descr`) VALUES ('992', 'N', 'N20', 'Área de Ciências e Tecnologias (Col Carvalhos)');
INSERT INTO `tblCursos` (`Curso`, `TpCurso`, `SubTipo`, `Descr`) VALUES ('993', 'N', 'N20', 'Área de Ciências Económicas (Col Carvalhos)');
INSERT INTO `tblCursos` (`Curso`, `TpCurso`, `SubTipo`, `Descr`) VALUES ('994', 'N', 'N20', 'Área de Ciências S. e Humanas (Col Carvalhos)');
INSERT INTO `tblCursos` (`Curso`, `TpCurso`, `SubTipo`, `Descr`) VALUES ('995', 'N', 'N20', 'Área de Artes Gráficas (Col Carvalhos)');
INSERT INTO `tblCursos` (`Curso`, `TpCurso`, `SubTipo`, `Descr`) VALUES ('996', 'N', 'N22', 'Administração (INA)');
INSERT INTO `tblCursos` (`Curso`, `TpCurso`, `SubTipo`, `Descr`) VALUES ('997', 'N', 'N22', 'Informática (INA)');
INSERT INTO `tblCursos` (`Curso`, `TpCurso`, `SubTipo`, `Descr`) VALUES ('A', 'C', 'C01', 'Curso Complementar Diurno - Área A');
INSERT INTO `tblCursos` (`Curso`, `TpCurso`, `SubTipo`, `Descr`) VALUES ('A01', 'N', 'N20', 'Química, Ambiente e Qualidade (VC)');
INSERT INTO `tblCursos` (`Curso`, `TpCurso`, `SubTipo`, `Descr`) VALUES ('A02', 'N', 'N20', 'Química, Ambiente e Qualidade (VCT)');
INSERT INTO `tblCursos` (`Curso`, `TpCurso`, `SubTipo`, `Descr`) VALUES ('A03', 'N', 'N20', 'Biotecnologia (VC)');
INSERT INTO `tblCursos` (`Curso`, `TpCurso`, `SubTipo`, `Descr`) VALUES ('A04', 'N', 'N20', 'Biotecnologia (VCT)');
INSERT INTO `tblCursos` (`Curso`, `TpCurso`, `SubTipo`, `Descr`) VALUES ('A05', 'N', 'N20', 'Animação Sociodesportiva (VC)');
INSERT INTO `tblCursos` (`Curso`, `TpCurso`, `SubTipo`, `Descr`) VALUES ('A06', 'N', 'N20', 'Animação Sociodesportiva (VCT)');
INSERT INTO `tblCursos` (`Curso`, `TpCurso`, `SubTipo`, `Descr`) VALUES ('A07', 'N', 'N20', 'Eletrotecnia e Automação (VC)');
INSERT INTO `tblCursos` (`Curso`, `TpCurso`, `SubTipo`, `Descr`) VALUES ('A08', 'N', 'N20', 'Eletrotecnia e Automação (VCT)');
INSERT INTO `tblCursos` (`Curso`, `TpCurso`, `SubTipo`, `Descr`) VALUES ('A09', 'N', 'N20', 'Eletrónica e Telecomunicações (VC)');
INSERT INTO `tblCursos` (`Curso`, `TpCurso`, `SubTipo`, `Descr`) VALUES ('A10', 'N', 'N20', 'Eletrónica e Telecomunicações (VCT)');
INSERT INTO `tblCursos` (`Curso`, `TpCurso`, `SubTipo`, `Descr`) VALUES ('A11', 'N', 'N20', 'Informática (VC)');
INSERT INTO `tblCursos` (`Curso`, `TpCurso`, `SubTipo`, `Descr`) VALUES ('A12', 'N', 'N20', 'Informática (VCT)');
INSERT INTO `tblCursos` (`Curso`, `TpCurso`, `SubTipo`, `Descr`) VALUES ('A13', 'N', 'N20', 'Contabilidade e Gestão (VC)');
INSERT INTO `tblCursos` (`Curso`, `TpCurso`, `SubTipo`, `Descr`) VALUES ('A14', 'N', 'N20', 'Contabilidade e Gestão (VCT)');
INSERT INTO `tblCursos` (`Curso`, `TpCurso`, `SubTipo`, `Descr`) VALUES ('A15', 'N', 'N20', 'Informática de Gestão (VC)');
INSERT INTO `tblCursos` (`Curso`, `TpCurso`, `SubTipo`, `Descr`) VALUES ('A16', 'N', 'N20', 'Informática de Gestão (VCT)');
INSERT INTO `tblCursos` (`Curso`, `TpCurso`, `SubTipo`, `Descr`) VALUES ('A17', 'N', 'N20', 'Marketing e Estratégia Empresarial (VC)');
INSERT INTO `tblCursos` (`Curso`, `TpCurso`, `SubTipo`, `Descr`) VALUES ('A18', 'N', 'N20', 'Marketing e Estratégia Empresarial (VCT)');
INSERT INTO `tblCursos` (`Curso`, `TpCurso`, `SubTipo`, `Descr`) VALUES ('A19', 'N', 'N20', 'Línguas e Relações Empresariais (VC)');
INSERT INTO `tblCursos` (`Curso`, `TpCurso`, `SubTipo`, `Descr`) VALUES ('A20', 'N', 'N20', 'Línguas e Relações Empresariais (VCT)');
INSERT INTO `tblCursos` (`Curso`, `TpCurso`, `SubTipo`, `Descr`) VALUES ('A21', 'N', 'N20', 'Assessoria Jurídica e Documentação (VC)');
INSERT INTO `tblCursos` (`Curso`, `TpCurso`, `SubTipo`, `Descr`) VALUES ('A22', 'N', 'N20', 'Assessoria Jurídica e Documentação (VCT)');
INSERT INTO `tblCursos` (`Curso`, `TpCurso`, `SubTipo`, `Descr`) VALUES ('A23', 'N', 'N20', 'Património e Turismo (VC)');
INSERT INTO `tblCursos` (`Curso`, `TpCurso`, `SubTipo`, `Descr`) VALUES ('A24', 'N', 'N20', 'Património e Turismo (VCT)');
INSERT INTO `tblCursos` (`Curso`, `TpCurso`, `SubTipo`, `Descr`) VALUES ('A25', 'N', 'N20', 'Artes e Indústrias Gráficas (VC)');
INSERT INTO `tblCursos` (`Curso`, `TpCurso`, `SubTipo`, `Descr`) VALUES ('A26', 'N', 'N20', 'Artes e Indústrias Gráficas (VCT)');
INSERT INTO `tblCursos` (`Curso`, `TpCurso`, `SubTipo`, `Descr`) VALUES ('A30', 'N', 'N30', 'Conservação e Restauro do Património');
INSERT INTO `tblCursos` (`Curso`, `TpCurso`, `SubTipo`, `Descr`) VALUES ('A31', 'N', 'N30', 'Imagem Interativa');
INSERT INTO `tblCursos` (`Curso`, `TpCurso`, `SubTipo`, `Descr`) VALUES ('A32', 'N', 'N30', 'Desenho de Arquitetura');
INSERT INTO `tblCursos` (`Curso`, `TpCurso`, `SubTipo`, `Descr`) VALUES ('A40', 'N', 'N80', 'Recorrente por Blocos Capitalizáveis / Ciências Exatas (CH)');
INSERT INTO `tblCursos` (`Curso`, `TpCurso`, `SubTipo`, `Descr`) VALUES ('A41', 'N', 'N80', 'Recorrente por Blocos Capitalizáveis / Ciências Exatas (T)');
INSERT INTO `tblCursos` (`Curso`, `TpCurso`, `SubTipo`, `Descr`) VALUES ('A42', 'N', 'N80', 'Recorrente por Blocos Capitalizáveis / Ciências Humanas (CH)');
INSERT INTO `tblCursos` (`Curso`, `TpCurso`, `SubTipo`, `Descr`) VALUES ('A43', 'N', 'N80', 'Recorrente por Blocos Capitalizáveis / Ciências Humanas (T)');
INSERT INTO `tblCursos` (`Curso`, `TpCurso`, `SubTipo`, `Descr`) VALUES ('A50', 'N', 'N21', 'Desenhador de Projetos - Arquitetura e Engenharia');
INSERT INTO `tblCursos` (`Curso`, `TpCurso`, `SubTipo`, `Descr`) VALUES ('A51', 'N', 'N21', 'Tecnologias e Sistemas de Informação');
INSERT INTO `tblCursos` (`Curso`, `TpCurso`, `SubTipo`, `Descr`) VALUES ('A52', 'N', 'N21', 'Análises Químico-Biológicas (Port. 960/2009)');
INSERT INTO `tblCursos` (`Curso`, `TpCurso`, `SubTipo`, `Descr`) VALUES ('A53', 'N', 'N21', 'Animação e Gestão Desportiva (Port. 960/2009)');
INSERT INTO `tblCursos` (`Curso`, `TpCurso`, `SubTipo`, `Descr`) VALUES ('A54', 'N', 'N21', 'Eletrónica Industrial e Automação (Port. 960/2009)');
INSERT INTO `tblCursos` (`Curso`, `TpCurso`, `SubTipo`, `Descr`) VALUES ('A55', 'N', 'N21', 'Eletrónica e Telecomunicações (Port. 960/2009)');
INSERT INTO `tblCursos` (`Curso`, `TpCurso`, `SubTipo`, `Descr`) VALUES ('A56', 'N', 'N21', 'Informática e Tecnologias Multimédia');
INSERT INTO `tblCursos` (`Curso`, `TpCurso`, `SubTipo`, `Descr`) VALUES ('A57', 'N', 'N21', 'Contabilidade e Gestão Empresarial');
INSERT INTO `tblCursos` (`Curso`, `TpCurso`, `SubTipo`, `Descr`) VALUES ('A58', 'N', 'N21', 'Administração e Marketing (Port. 960/2009)');
INSERT INTO `tblCursos` (`Curso`, `TpCurso`, `SubTipo`, `Descr`) VALUES ('A59', 'N', 'N21', 'Comunicação Multimédia (Port. 960/2009)');
INSERT INTO `tblCursos` (`Curso`, `TpCurso`, `SubTipo`, `Descr`) VALUES ('A60', 'N', 'N40', 'Ciências - Via A');
INSERT INTO `tblCursos` (`Curso`, `TpCurso`, `SubTipo`, `Descr`) VALUES ('A61', 'N', 'N40', 'Ciências - Via B');
INSERT INTO `tblCursos` (`Curso`, `TpCurso`, `SubTipo`, `Descr`) VALUES ('A62', 'N', 'N40', 'Humanidades - Via A');
INSERT INTO `tblCursos` (`Curso`, `TpCurso`, `SubTipo`, `Descr`) VALUES ('A63', 'N', 'N40', 'Humanidades - Via B');
INSERT INTO `tblCursos` (`Curso`, `TpCurso`, `SubTipo`, `Descr`) VALUES ('A64', 'N', 'N40', 'Artes - Via A');
INSERT INTO `tblCursos` (`Curso`, `TpCurso`, `SubTipo`, `Descr`) VALUES ('A65', 'N', 'N40', 'Artes - Via B');
INSERT INTO `tblCursos` (`Curso`, `TpCurso`, `SubTipo`, `Descr`) VALUES ('A70', 'N', 'N28', 'Desenho de Projeto Eng. e Arquitetura (CH) -Port. 814/2009');
INSERT INTO `tblCursos` (`Curso`, `TpCurso`, `SubTipo`, `Descr`) VALUES ('A71', 'N', 'N28', 'Desenho de Projeto Eng. e Arquitetura (T) -Port. 814/2009');
INSERT INTO `tblCursos` (`Curso`, `TpCurso`, `SubTipo`, `Descr`) VALUES ('A72', 'N', 'N28', 'Informática de Gestão (CH) -Port. 814/2009');
INSERT INTO `tblCursos` (`Curso`, `TpCurso`, `SubTipo`, `Descr`) VALUES ('A73', 'N', 'N28', 'Informática de Gestão (T) -Port. 814/2009');
INSERT INTO `tblCursos` (`Curso`, `TpCurso`, `SubTipo`, `Descr`) VALUES ('A74', 'N', 'N28', 'Eletrónica e Computadores (CH) -Port. 814/2009');
INSERT INTO `tblCursos` (`Curso`, `TpCurso`, `SubTipo`, `Descr`) VALUES ('A75', 'N', 'N28', 'Eletrónica e Computadores (T) -Port. 814/2009');
INSERT INTO `tblCursos` (`Curso`, `TpCurso`, `SubTipo`, `Descr`) VALUES ('A76', 'N', 'N28', 'Comunicação Social (CH) -Port. 814/2009');
INSERT INTO `tblCursos` (`Curso`, `TpCurso`, `SubTipo`, `Descr`) VALUES ('A77', 'N', 'N28', 'Comunicação Social (T) -Port. 814/2009');
INSERT INTO `tblCursos` (`Curso`, `TpCurso`, `SubTipo`, `Descr`) VALUES ('A78', 'N', 'N27', 'Produção Gráfica -Port. 815/2009');
INSERT INTO `tblCursos` (`Curso`, `TpCurso`, `SubTipo`, `Descr`) VALUES ('A79', 'N', 'N27', 'Energias Renováveis -Port. 815/2009');
INSERT INTO `tblCursos` (`Curso`, `TpCurso`, `SubTipo`, `Descr`) VALUES ('B', 'C', 'C01', 'Curso Complementar Diurno - Área B');
INSERT INTO `tblCursos` (`Curso`, `TpCurso`, `SubTipo`, `Descr`) VALUES ('C', 'C', 'C01', 'Curso Complementar Diurno - Área C');
INSERT INTO `tblCursos` (`Curso`, `TpCurso`, `SubTipo`, `Descr`) VALUES ('C60', 'N', 'N01', 'Ciências e Tecnologias');
INSERT INTO `tblCursos` (`Curso`, `TpCurso`, `SubTipo`, `Descr`) VALUES ('C61', 'N', 'N01', 'Ciências Socioeconómicas');
INSERT INTO `tblCursos` (`Curso`, `TpCurso`, `SubTipo`, `Descr`) VALUES ('C62', 'N', 'N01', 'Línguas e Humanidades');
INSERT INTO `tblCursos` (`Curso`, `TpCurso`, `SubTipo`, `Descr`) VALUES ('C64', 'N', 'N01', 'Artes Visuais');
INSERT INTO `tblCursos` (`Curso`, `TpCurso`, `SubTipo`, `Descr`) VALUES ('C70', 'N', 'N02', 'Comunicação Audiovisual');
INSERT INTO `tblCursos` (`Curso`, `TpCurso`, `SubTipo`, `Descr`) VALUES ('C71', 'N', 'N02', 'Design de Comunicação');
INSERT INTO `tblCursos` (`Curso`, `TpCurso`, `SubTipo`, `Descr`) VALUES ('C72', 'N', 'N02', 'Design de Produto');
INSERT INTO `tblCursos` (`Curso`, `TpCurso`, `SubTipo`, `Descr`) VALUES ('C73', 'N', 'N02', 'Produção Artística');
INSERT INTO `tblCursos` (`Curso`, `TpCurso`, `SubTipo`, `Descr`) VALUES ('C75', 'N', 'N02', 'Secundário de Dança');
INSERT INTO `tblCursos` (`Curso`, `TpCurso`, `SubTipo`, `Descr`) VALUES ('C76', 'N', 'N02', 'Secundário de Música');
INSERT INTO `tblCursos` (`Curso`, `TpCurso`, `SubTipo`, `Descr`) VALUES ('C77', 'N', 'N02', 'Secundário de Canto');
INSERT INTO `tblCursos` (`Curso`, `TpCurso`, `SubTipo`, `Descr`) VALUES ('C78', 'N', 'N02', 'Secundário de Canto Gregoriano');
INSERT INTO `tblCursos` (`Curso`, `TpCurso`, `SubTipo`, `Descr`) VALUES ('C80', 'N', 'N04', 'Recorrente - Ciências e Tecnologias');
INSERT INTO `tblCursos` (`Curso`, `TpCurso`, `SubTipo`, `Descr`) VALUES ('C81', 'N', 'N04', 'Recorrente - Ciências Socioeconómicas');
INSERT INTO `tblCursos` (`Curso`, `TpCurso`, `SubTipo`, `Descr`) VALUES ('C82', 'N', 'N04', 'Recorrente - Línguas e Humanidades');
INSERT INTO `tblCursos` (`Curso`, `TpCurso`, `SubTipo`, `Descr`) VALUES ('C84', 'N', 'N04', 'Recorrente - Artes Visuais');
INSERT INTO `tblCursos` (`Curso`, `TpCurso`, `SubTipo`, `Descr`) VALUES ('D', 'C', 'C01', 'Curso Complementar Diurno - Área D');
INSERT INTO `tblCursos` (`Curso`, `TpCurso`, `SubTipo`, `Descr`) VALUES ('E', 'C', 'C01', 'Curso Complementar Diurno - Área E');
INSERT INTO `tblCursos` (`Curso`, `TpCurso`, `SubTipo`, `Descr`) VALUES ('L', 'C', 'C02', 'Curso Complementar Liceal Noturno');
INSERT INTO `tblCursos` (`Curso`, `TpCurso`, `SubTipo`, `Descr`) VALUES ('P01', 'N', 'N07', 'Animador Sociocultural');
INSERT INTO `tblCursos` (`Curso`, `TpCurso`, `SubTipo`, `Descr`) VALUES ('P02', 'N', 'N07', 'Artes do Espetáculo');
INSERT INTO `tblCursos` (`Curso`, `TpCurso`, `SubTipo`, `Descr`) VALUES ('P03', 'N', 'N07', 'Assistente de Arqueólogo');
INSERT INTO `tblCursos` (`Curso`, `TpCurso`, `SubTipo`, `Descr`) VALUES ('P04', 'N', 'N07', 'Assistente de Conservação e Restauro');
INSERT INTO `tblCursos` (`Curso`, `TpCurso`, `SubTipo`, `Descr`) VALUES ('P05', 'N', 'N07', 'Contramestre (Marinha Mercante)');
INSERT INTO `tblCursos` (`Curso`, `TpCurso`, `SubTipo`, `Descr`) VALUES ('P06', 'N', 'N07', 'Instrumentista de Cordas e de Tecla');
INSERT INTO `tblCursos` (`Curso`, `TpCurso`, `SubTipo`, `Descr`) VALUES ('P07', 'N', 'N07', 'Instrumentista de Jazz');
INSERT INTO `tblCursos` (`Curso`, `TpCurso`, `SubTipo`, `Descr`) VALUES ('P08', 'N', 'N07', 'Instrumentista de Sopro e de Percussão');
INSERT INTO `tblCursos` (`Curso`, `TpCurso`, `SubTipo`, `Descr`) VALUES ('P09', 'N', 'N07', 'Intérprete de Dança Contemporânea');
INSERT INTO `tblCursos` (`Curso`, `TpCurso`, `SubTipo`, `Descr`) VALUES ('P10', 'N', 'N07', 'Modelista de Vestuário');
INSERT INTO `tblCursos` (`Curso`, `TpCurso`, `SubTipo`, `Descr`) VALUES ('P11', 'N', 'N07', 'Técnico Auxiliar de Saúde');
INSERT INTO `tblCursos` (`Curso`, `TpCurso`, `SubTipo`, `Descr`) VALUES ('P12', 'N', 'N07', 'Técnico Auxiliar Protésico');
INSERT INTO `tblCursos` (`Curso`, `TpCurso`, `SubTipo`, `Descr`) VALUES ('P13', 'N', 'N07', 'Técnico da Qualidade - Calçado e Marroquinaria');
INSERT INTO `tblCursos` (`Curso`, `TpCurso`, `SubTipo`, `Descr`) VALUES ('P14', 'N', 'N07', 'Técnico de Multimédia');
INSERT INTO `tblCursos` (`Curso`, `TpCurso`, `SubTipo`, `Descr`) VALUES ('P15', 'N', 'N07', 'Técnico de Administração Naval');
INSERT INTO `tblCursos` (`Curso`, `TpCurso`, `SubTipo`, `Descr`) VALUES ('P16', 'N', 'N07', 'Técnico de Análise Laboratorial');
INSERT INTO `tblCursos` (`Curso`, `TpCurso`, `SubTipo`, `Descr`) VALUES ('P17', 'N', 'N07', 'Técnico de Animação 2D e 3D');
INSERT INTO `tblCursos` (`Curso`, `TpCurso`, `SubTipo`, `Descr`) VALUES ('P18', 'N', 'N07', 'Técnico de Apoio à Infância');
INSERT INTO `tblCursos` (`Curso`, `TpCurso`, `SubTipo`, `Descr`) VALUES ('P19', 'N', 'N07', 'Técnico de Apoio Psicossocial');
INSERT INTO `tblCursos` (`Curso`, `TpCurso`, `SubTipo`, `Descr`) VALUES ('P20', 'N', 'N07', 'Técnico de Artes Gráficas');
INSERT INTO `tblCursos` (`Curso`, `TpCurso`, `SubTipo`, `Descr`) VALUES ('P21', 'N', 'N07', 'Técnico de Audiovisuais');
INSERT INTO `tblCursos` (`Curso`, `TpCurso`, `SubTipo`, `Descr`) VALUES ('P22', 'N', 'N07', 'Técnico de Banca e Seguros');
INSERT INTO `tblCursos` (`Curso`, `TpCurso`, `SubTipo`, `Descr`) VALUES ('P23', 'N', 'N07', 'Técnico de Biblioteca, Arquivo e Documentação');
INSERT INTO `tblCursos` (`Curso`, `TpCurso`, `SubTipo`, `Descr`) VALUES ('P24', 'N', 'N07', 'Técnico de Cantaria Artística');
INSERT INTO `tblCursos` (`Curso`, `TpCurso`, `SubTipo`, `Descr`) VALUES ('P25', 'N', 'N07', 'Técnico de Cartografia');
INSERT INTO `tblCursos` (`Curso`, `TpCurso`, `SubTipo`, `Descr`) VALUES ('P26', 'N', 'N07', 'Técnico de Cerâmica Artística');
INSERT INTO `tblCursos` (`Curso`, `TpCurso`, `SubTipo`, `Descr`) VALUES ('P27', 'N', 'N07', 'Técnico de Comércio');
INSERT INTO `tblCursos` (`Curso`, `TpCurso`, `SubTipo`, `Descr`) VALUES ('P28', 'N', 'N07', 'Técnico de Comunicação - Marketing, Relações Públicas e Publ');
INSERT INTO `tblCursos` (`Curso`, `TpCurso`, `SubTipo`, `Descr`) VALUES ('P29', 'N', 'N07', 'Técnico de Construção Civil');
INSERT INTO `tblCursos` (`Curso`, `TpCurso`, `SubTipo`, `Descr`) VALUES ('P30', 'N', 'N07', 'Técnico de Construção Naval/ Embarcações de Recreio');
INSERT INTO `tblCursos` (`Curso`, `TpCurso`, `SubTipo`, `Descr`) VALUES ('P31', 'N', 'N07', 'Técnico de Contabilidade');
INSERT INTO `tblCursos` (`Curso`, `TpCurso`, `SubTipo`, `Descr`) VALUES ('P32', 'N', 'N07', 'Técnico de Coordenação e Produção de Moda');
INSERT INTO `tblCursos` (`Curso`, `TpCurso`, `SubTipo`, `Descr`) VALUES ('P33', 'N', 'N07', 'Técnico de Desenho de Mobiliário');
INSERT INTO `tblCursos` (`Curso`, `TpCurso`, `SubTipo`, `Descr`) VALUES ('P34', 'N', 'N07', 'Técnico de Desenho de Calçado e Marroquinaria');
INSERT INTO `tblCursos` (`Curso`, `TpCurso`, `SubTipo`, `Descr`) VALUES ('P35', 'N', 'N07', 'Técnico de Desenho de Construções Mecânicas');
INSERT INTO `tblCursos` (`Curso`, `TpCurso`, `SubTipo`, `Descr`) VALUES ('P36', 'N', 'N07', 'Técnico de Desenho Digital 3D');
INSERT INTO `tblCursos` (`Curso`, `TpCurso`, `SubTipo`, `Descr`) VALUES ('P37', 'N', 'N07', 'Técnico de Design');
INSERT INTO `tblCursos` (`Curso`, `TpCurso`, `SubTipo`, `Descr`) VALUES ('P38', 'N', 'N07', 'Técnico de Design de Moda');
INSERT INTO `tblCursos` (`Curso`, `TpCurso`, `SubTipo`, `Descr`) VALUES ('P39', 'N', 'N07', 'Técnico de Design Gráfico');
INSERT INTO `tblCursos` (`Curso`, `TpCurso`, `SubTipo`, `Descr`) VALUES ('P40', 'N', 'N07', 'Técnico de Eletricidade Naval');
INSERT INTO `tblCursos` (`Curso`, `TpCurso`, `SubTipo`, `Descr`) VALUES ('P41', 'N', 'N07', 'Técnico de Eletrónica e Telecomunicações');
INSERT INTO `tblCursos` (`Curso`, `TpCurso`, `SubTipo`, `Descr`) VALUES ('P42', 'N', 'N07', 'Técnico de Eletrónica, Áudio, Vídeo e TV');
INSERT INTO `tblCursos` (`Curso`, `TpCurso`, `SubTipo`, `Descr`) VALUES ('P43', 'N', 'N07', 'Técnico de Eletrónica, Automação e Comando');
INSERT INTO `tblCursos` (`Curso`, `TpCurso`, `SubTipo`, `Descr`) VALUES ('P44', 'N', 'N07', 'Técnico de Eletrónica, Automação e Computadores');
INSERT INTO `tblCursos` (`Curso`, `TpCurso`, `SubTipo`, `Descr`) VALUES ('P45', 'N', 'N07', 'Técnico de Eletrónica, Automação e Instrumentação');
INSERT INTO `tblCursos` (`Curso`, `TpCurso`, `SubTipo`, `Descr`) VALUES ('P46', 'N', 'N07', 'Técnico de Eletrotecnia');
INSERT INTO `tblCursos` (`Curso`, `TpCurso`, `SubTipo`, `Descr`) VALUES ('P47', 'N', 'N07', 'Técnico de Energias Renováveis');
INSERT INTO `tblCursos` (`Curso`, `TpCurso`, `SubTipo`, `Descr`) VALUES ('P48', 'N', 'N07', 'Técnico de Fotografia');
INSERT INTO `tblCursos` (`Curso`, `TpCurso`, `SubTipo`, `Descr`) VALUES ('P49', 'N', 'N07', 'Técnico de Frio e Climatização');
INSERT INTO `tblCursos` (`Curso`, `TpCurso`, `SubTipo`, `Descr`) VALUES ('P50', 'N', 'N07', 'Técnico de Gás');
INSERT INTO `tblCursos` (`Curso`, `TpCurso`, `SubTipo`, `Descr`) VALUES ('P51', 'N', 'N07', 'Técnico de Gestão');
INSERT INTO `tblCursos` (`Curso`, `TpCurso`, `SubTipo`, `Descr`) VALUES ('P52', 'N', 'N07', 'Técnico de Gestão Cinegética');
INSERT INTO `tblCursos` (`Curso`, `TpCurso`, `SubTipo`, `Descr`) VALUES ('P53', 'N', 'N07', 'Técnico de Gestão de Equipamentos Informáticos');
INSERT INTO `tblCursos` (`Curso`, `TpCurso`, `SubTipo`, `Descr`) VALUES ('P54', 'N', 'N07', 'Técnico de Gestão de Produção Têxtil e Vestuário');
INSERT INTO `tblCursos` (`Curso`, `TpCurso`, `SubTipo`, `Descr`) VALUES ('P55', 'N', 'N07', 'Técnico de Gestão do Ambiente');
INSERT INTO `tblCursos` (`Curso`, `TpCurso`, `SubTipo`, `Descr`) VALUES ('P56', 'N', 'N07', 'Técnico de Gestão e Programação de Sistemas Informáticos');
INSERT INTO `tblCursos` (`Curso`, `TpCurso`, `SubTipo`, `Descr`) VALUES ('P57', 'N', 'N07', 'Técnico de Gestão Equína');
INSERT INTO `tblCursos` (`Curso`, `TpCurso`, `SubTipo`, `Descr`) VALUES ('P58', 'N', 'N07', 'Técnico de Higiene e Segurança do Trabalho e Ambiente');
INSERT INTO `tblCursos` (`Curso`, `TpCurso`, `SubTipo`, `Descr`) VALUES ('P59', 'N', 'N07', 'Técnico de Informática de Gestão');
INSERT INTO `tblCursos` (`Curso`, `TpCurso`, `SubTipo`, `Descr`) VALUES ('P60', 'N', 'N07', 'Técnico de Instalações Elétricas');
INSERT INTO `tblCursos` (`Curso`, `TpCurso`, `SubTipo`, `Descr`) VALUES ('P61', 'N', 'N07', 'Técnico de Jardinagem e Espaços Verdes');
INSERT INTO `tblCursos` (`Curso`, `TpCurso`, `SubTipo`, `Descr`) VALUES ('P62', 'N', 'N07', 'Técnico de Joalharia/ Cravador');
INSERT INTO `tblCursos` (`Curso`, `TpCurso`, `SubTipo`, `Descr`) VALUES ('P63', 'N', 'N07', 'Técnico de Manutenção Industrial');
INSERT INTO `tblCursos` (`Curso`, `TpCurso`, `SubTipo`, `Descr`) VALUES ('P64', 'N', 'N07', 'Técnico de Marketing');
INSERT INTO `tblCursos` (`Curso`, `TpCurso`, `SubTipo`, `Descr`) VALUES ('P65', 'N', 'N07', 'Técnico de Mecânica Naval');
INSERT INTO `tblCursos` (`Curso`, `TpCurso`, `SubTipo`, `Descr`) VALUES ('P66', 'N', 'N07', 'Técnico de Mecatrónica');
INSERT INTO `tblCursos` (`Curso`, `TpCurso`, `SubTipo`, `Descr`) VALUES ('P67', 'N', 'N07', 'Técnico de Museografia e Gestão do Património');
INSERT INTO `tblCursos` (`Curso`, `TpCurso`, `SubTipo`, `Descr`) VALUES ('P68', 'N', 'N07', 'Técnico de Ótica Ocular');
INSERT INTO `tblCursos` (`Curso`, `TpCurso`, `SubTipo`, `Descr`) VALUES ('P69', 'N', 'N07', 'Técnico de Organização de Eventos');
INSERT INTO `tblCursos` (`Curso`, `TpCurso`, `SubTipo`, `Descr`) VALUES ('P70', 'N', 'N07', 'Técnico de Pedreiras');
INSERT INTO `tblCursos` (`Curso`, `TpCurso`, `SubTipo`, `Descr`) VALUES ('P71', 'N', 'N07', 'Técnico de Processamento e Controlo de Qualidade Alimentar');
INSERT INTO `tblCursos` (`Curso`, `TpCurso`, `SubTipo`, `Descr`) VALUES ('P72', 'N', 'N07', 'Técnico de Produção Agrária');
INSERT INTO `tblCursos` (`Curso`, `TpCurso`, `SubTipo`, `Descr`) VALUES ('P73', 'N', 'N07', 'Técnico de Produção e Tecnologias da Música');
INSERT INTO `tblCursos` (`Curso`, `TpCurso`, `SubTipo`, `Descr`) VALUES ('P74', 'N', 'N07', 'Técnico de Produção em Metalomecânica');
INSERT INTO `tblCursos` (`Curso`, `TpCurso`, `SubTipo`, `Descr`) VALUES ('P75', 'N', 'N07', 'Técnico de Proteção Civil');
INSERT INTO `tblCursos` (`Curso`, `TpCurso`, `SubTipo`, `Descr`) VALUES ('P76', 'N', 'N07', 'Técnico de Química Industrial');
INSERT INTO `tblCursos` (`Curso`, `TpCurso`, `SubTipo`, `Descr`) VALUES ('P77', 'N', 'N07', 'Técnico de Receção');
INSERT INTO `tblCursos` (`Curso`, `TpCurso`, `SubTipo`, `Descr`) VALUES ('P78', 'N', 'N07', 'Técnico de Recuperação do Património Edificado');
INSERT INTO `tblCursos` (`Curso`, `TpCurso`, `SubTipo`, `Descr`) VALUES ('P79', 'N', 'N07', 'Técnico de Recursos Florestais e Ambientais');
INSERT INTO `tblCursos` (`Curso`, `TpCurso`, `SubTipo`, `Descr`) VALUES ('P80', 'N', 'N07', 'Técnico de Relojoaria');
INSERT INTO `tblCursos` (`Curso`, `TpCurso`, `SubTipo`, `Descr`) VALUES ('P81', 'N', 'N07', 'Técnico de Restauração');
INSERT INTO `tblCursos` (`Curso`, `TpCurso`, `SubTipo`, `Descr`) VALUES ('P82', 'N', 'N07', 'Técnico de Secretariado');
INSERT INTO `tblCursos` (`Curso`, `TpCurso`, `SubTipo`, `Descr`) VALUES ('P83', 'N', 'N07', 'Técnico de Segurança e Salvamento em Meio Aquático');
INSERT INTO `tblCursos` (`Curso`, `TpCurso`, `SubTipo`, `Descr`) VALUES ('P84', 'N', 'N07', 'Técnico de Serviços Jurídicos');
INSERT INTO `tblCursos` (`Curso`, `TpCurso`, `SubTipo`, `Descr`) VALUES ('P85', 'N', 'N07', 'Técnico de Sistemas de Informação Geográfica');
INSERT INTO `tblCursos` (`Curso`, `TpCurso`, `SubTipo`, `Descr`) VALUES ('P86', 'N', 'N07', 'Técnico de Som');
INSERT INTO `tblCursos` (`Curso`, `TpCurso`, `SubTipo`, `Descr`) VALUES ('P87', 'N', 'N07', 'Técnico de Termalismo');
INSERT INTO `tblCursos` (`Curso`, `TpCurso`, `SubTipo`, `Descr`) VALUES ('P88', 'N', 'N07', 'Técnico de Tinturaria, Estamparia e Acabamento');
INSERT INTO `tblCursos` (`Curso`, `TpCurso`, `SubTipo`, `Descr`) VALUES ('P89', 'N', 'N07', 'Técnico de Transformação de Polímeros');
INSERT INTO `tblCursos` (`Curso`, `TpCurso`, `SubTipo`, `Descr`) VALUES ('P90', 'N', 'N07', 'Técnico de Transportes');
INSERT INTO `tblCursos` (`Curso`, `TpCurso`, `SubTipo`, `Descr`) VALUES ('P91', 'N', 'N07', 'Técnico de Turismo');
INSERT INTO `tblCursos` (`Curso`, `TpCurso`, `SubTipo`, `Descr`) VALUES ('P92', 'N', 'N07', 'Técnico de Turismo Ambiental e Rural');
INSERT INTO `tblCursos` (`Curso`, `TpCurso`, `SubTipo`, `Descr`) VALUES ('P93', 'N', 'N07', 'Técnico de Vendas');
INSERT INTO `tblCursos` (`Curso`, `TpCurso`, `SubTipo`, `Descr`) VALUES ('P94', 'N', 'N07', 'Técnico de Vídeo');
INSERT INTO `tblCursos` (`Curso`, `TpCurso`, `SubTipo`, `Descr`) VALUES ('P95', 'N', 'N07', 'Técnico de Vidro Artístico');
INSERT INTO `tblCursos` (`Curso`, `TpCurso`, `SubTipo`, `Descr`) VALUES ('P96', 'N', 'N07', 'Técnico de Viticultura e Enologia');
INSERT INTO `tblCursos` (`Curso`, `TpCurso`, `SubTipo`, `Descr`) VALUES ('P97', 'N', 'N07', 'Técnico de Vitrinismo');
INSERT INTO `tblCursos` (`Curso`, `TpCurso`, `SubTipo`, `Descr`) VALUES ('P98', 'N', 'N07', 'Topógrafo-Geómetra');
INSERT INTO `tblCursos` (`Curso`, `TpCurso`, `SubTipo`, `Descr`) VALUES ('Q', 'C', 'C03', 'Equivalência a Curso Complementar');
INSERT INTO `tblCursos` (`Curso`, `TpCurso`, `SubTipo`, `Descr`) VALUES ('R01', 'N', 'N07', 'Artes do Espetáculo - Cenografia, Figurinos e Adereços');
INSERT INTO `tblCursos` (`Curso`, `TpCurso`, `SubTipo`, `Descr`) VALUES ('R02', 'N', 'N07', 'Artes do Espetáculo - Interpretação');
INSERT INTO `tblCursos` (`Curso`, `TpCurso`, `SubTipo`, `Descr`) VALUES ('R03', 'N', 'N07', 'Artes do Espetáculo - Interpretação e Animação Circenses');
INSERT INTO `tblCursos` (`Curso`, `TpCurso`, `SubTipo`, `Descr`) VALUES ('R04', 'N', 'N07', 'Artes do Espetáculo - Luz, Som e Efeitos Cénicos');
INSERT INTO `tblCursos` (`Curso`, `TpCurso`, `SubTipo`, `Descr`) VALUES ('R05', 'N', 'N07', 'Técnico de Apoio à Gestão Desportiva');
INSERT INTO `tblCursos` (`Curso`, `TpCurso`, `SubTipo`, `Descr`) VALUES ('R06', 'N', 'N07', 'Técnico de Design de Equipamento');
INSERT INTO `tblCursos` (`Curso`, `TpCurso`, `SubTipo`, `Descr`) VALUES ('R07', 'N', 'N25', 'Contabilidade e Administração (Port. 816/09)');
INSERT INTO `tblCursos` (`Curso`, `TpCurso`, `SubTipo`, `Descr`) VALUES ('R08', 'N', 'N25', 'Design, Cerâmica e Escultura (Port. 816/09)');
INSERT INTO `tblCursos` (`Curso`, `TpCurso`, `SubTipo`, `Descr`) VALUES ('R09', 'N', 'N07', 'Técnico de Gestão Desportiva');
INSERT INTO `tblCursos` (`Curso`, `TpCurso`, `SubTipo`, `Descr`) VALUES ('S01', 'P', 'P50', 'Artesão das Artes da Madeira');
INSERT INTO `tblCursos` (`Curso`, `TpCurso`, `SubTipo`, `Descr`) VALUES ('S02', 'P', 'P50', 'Artesão das Artes do Metal');
INSERT INTO `tblCursos` (`Curso`, `TpCurso`, `SubTipo`, `Descr`) VALUES ('S03', 'P', 'P50', 'Artesão em Cantaria Artística');
INSERT INTO `tblCursos` (`Curso`, `TpCurso`, `SubTipo`, `Descr`) VALUES ('S04', 'P', 'P50', 'Artesão Têxtil');
INSERT INTO `tblCursos` (`Curso`, `TpCurso`, `SubTipo`, `Descr`) VALUES ('S05', 'P', 'P50', 'Assistente Comercial Bancário');
INSERT INTO `tblCursos` (`Curso`, `TpCurso`, `SubTipo`, `Descr`) VALUES ('S06', 'P', 'P50', 'Desenhador de Sistemas de Refrigeração e Climatização');
INSERT INTO `tblCursos` (`Curso`, `TpCurso`, `SubTipo`, `Descr`) VALUES ('S07', 'P', 'P50', 'Encadernador Dourador');
INSERT INTO `tblCursos` (`Curso`, `TpCurso`, `SubTipo`, `Descr`) VALUES ('S08', 'P', 'P50', 'Marinheiro');
INSERT INTO `tblCursos` (`Curso`, `TpCurso`, `SubTipo`, `Descr`) VALUES ('S09', 'P', 'P50', 'Mecânico de Bordo');
INSERT INTO `tblCursos` (`Curso`, `TpCurso`, `SubTipo`, `Descr`) VALUES ('S10', 'P', 'P50', 'Modelista de Calçado e Marroquinaria');
INSERT INTO `tblCursos` (`Curso`, `TpCurso`, `SubTipo`, `Descr`) VALUES ('S11', 'P', 'P50', 'Pintor Artístico de Azulejos');
INSERT INTO `tblCursos` (`Curso`, `TpCurso`, `SubTipo`, `Descr`) VALUES ('S12', 'P', 'P50', 'Pintor Cerâmico');
INSERT INTO `tblCursos` (`Curso`, `TpCurso`, `SubTipo`, `Descr`) VALUES ('S13', 'P', 'P50', 'Técnico Agrícola');
INSERT INTO `tblCursos` (`Curso`, `TpCurso`, `SubTipo`, `Descr`) VALUES ('S14', 'P', 'P50', 'Técnico Ceramista');
INSERT INTO `tblCursos` (`Curso`, `TpCurso`, `SubTipo`, `Descr`) VALUES ('S15', 'P', 'P50', 'Técnico de Manutenção de Máquinas de Calçado e Marroquinaria');
INSERT INTO `tblCursos` (`Curso`, `TpCurso`, `SubTipo`, `Descr`) VALUES ('S16', 'P', 'P50', 'Técnico de Acabamento em Madeira e Mobiliário');
INSERT INTO `tblCursos` (`Curso`, `TpCurso`, `SubTipo`, `Descr`) VALUES ('S17', 'P', 'P50', 'Técnico de Apoio à Gestão');
INSERT INTO `tblCursos` (`Curso`, `TpCurso`, `SubTipo`, `Descr`) VALUES ('S18', 'P', 'P50', 'Técnico de Aprovisionamento e Venda de Peças');
INSERT INTO `tblCursos` (`Curso`, `TpCurso`, `SubTipo`, `Descr`) VALUES ('S19', 'P', 'P50', 'Técnico de Cerâmica');
INSERT INTO `tblCursos` (`Curso`, `TpCurso`, `SubTipo`, `Descr`) VALUES ('S20', 'P', 'P50', 'Técnico de Construção Naval');
INSERT INTO `tblCursos` (`Curso`, `TpCurso`, `SubTipo`, `Descr`) VALUES ('S21', 'P', 'P50', 'Técnico de Contabilidade');
INSERT INTO `tblCursos` (`Curso`, `TpCurso`, `SubTipo`, `Descr`) VALUES ('S22', 'P', 'P50', 'Técnico de Desenho de Construções em Madeira e Mobiliário');
INSERT INTO `tblCursos` (`Curso`, `TpCurso`, `SubTipo`, `Descr`) VALUES ('S23', 'P', 'P50', 'Técnico de Desenho de Constr. Mecânicas/Cunhos e Cortantes');
INSERT INTO `tblCursos` (`Curso`, `TpCurso`, `SubTipo`, `Descr`) VALUES ('S24', 'P', 'P50', 'Técnico de Desenho de Construções Mecânicas/Máquinas');
INSERT INTO `tblCursos` (`Curso`, `TpCurso`, `SubTipo`, `Descr`) VALUES ('S25', 'P', 'P50', 'Técnico de Desenho de Construções Mecânicas/Moldes');
INSERT INTO `tblCursos` (`Curso`, `TpCurso`, `SubTipo`, `Descr`) VALUES ('S26', 'P', 'P50', 'Técnico de Desenho/Preparador de Obra');
INSERT INTO `tblCursos` (`Curso`, `TpCurso`, `SubTipo`, `Descr`) VALUES ('S27', 'P', 'P50', 'Técnico de Eletrónica/Computadores');
INSERT INTO `tblCursos` (`Curso`, `TpCurso`, `SubTipo`, `Descr`) VALUES ('S28', 'P', 'P50', 'Técnico de Eletrónica/Industrial e de Equipamentos');
INSERT INTO `tblCursos` (`Curso`, `TpCurso`, `SubTipo`, `Descr`) VALUES ('S29', 'P', 'P50', 'Técnico de Eletrónica/Instrumentação, Controlo e Telemanut.');
INSERT INTO `tblCursos` (`Curso`, `TpCurso`, `SubTipo`, `Descr`) VALUES ('S30', 'P', 'P50', 'Técnico de Eletrónica/Telecomunicações');
INSERT INTO `tblCursos` (`Curso`, `TpCurso`, `SubTipo`, `Descr`) VALUES ('S31', 'P', 'P50', 'Técnico de Gestão da Produção de Calçado e de Marroquinaria');
INSERT INTO `tblCursos` (`Curso`, `TpCurso`, `SubTipo`, `Descr`) VALUES ('S32', 'P', 'P50', 'Técnico de Gestão da Produção em Madeira e Mobiliário');
INSERT INTO `tblCursos` (`Curso`, `TpCurso`, `SubTipo`, `Descr`) VALUES ('S33', 'P', 'P50', 'Técnico de Laboratório Cerâmico');
INSERT INTO `tblCursos` (`Curso`, `TpCurso`, `SubTipo`, `Descr`) VALUES ('S34', 'P', 'P50', 'Técnico de Logística');
INSERT INTO `tblCursos` (`Curso`, `TpCurso`, `SubTipo`, `Descr`) VALUES ('S35', 'P', 'P50', 'Técnico de Maquinação e Programação');
INSERT INTO `tblCursos` (`Curso`, `TpCurso`, `SubTipo`, `Descr`) VALUES ('S36', 'P', 'P50', 'Técnico de Marketing');
INSERT INTO `tblCursos` (`Curso`, `TpCurso`, `SubTipo`, `Descr`) VALUES ('S37', 'P', 'P50', 'Técnico de Mecatrónica Automóvel');
INSERT INTO `tblCursos` (`Curso`, `TpCurso`, `SubTipo`, `Descr`) VALUES ('S38', 'P', 'P50', 'Técnico de Medições e Orçamentos');
INSERT INTO `tblCursos` (`Curso`, `TpCurso`, `SubTipo`, `Descr`) VALUES ('S39', 'P', 'P50', 'Técnico de Métodos e Tempos de Calçado e de Marroquinaria');
INSERT INTO `tblCursos` (`Curso`, `TpCurso`, `SubTipo`, `Descr`) VALUES ('S40', 'P', 'P50', 'Técnico de Modelação Cerâmica');
INSERT INTO `tblCursos` (`Curso`, `TpCurso`, `SubTipo`, `Descr`) VALUES ('S41', 'P', 'P50', 'Técnico de Obra/Condutor de Obra');
INSERT INTO `tblCursos` (`Curso`, `TpCurso`, `SubTipo`, `Descr`) VALUES ('S42', 'P', 'P50', 'Técnico de Ordenamento de Recursos Cinegéticos e Aquícolas');
INSERT INTO `tblCursos` (`Curso`, `TpCurso`, `SubTipo`, `Descr`) VALUES ('S43', 'P', 'P50', 'Técnico de Pecuária');
INSERT INTO `tblCursos` (`Curso`, `TpCurso`, `SubTipo`, `Descr`) VALUES ('S44', 'P', 'P50', 'Técnico de Planeamento Industrial');
INSERT INTO `tblCursos` (`Curso`, `TpCurso`, `SubTipo`, `Descr`) VALUES ('S45', 'P', 'P50', 'Técnico de Receção/Orçamentação de Oficina');
INSERT INTO `tblCursos` (`Curso`, `TpCurso`, `SubTipo`, `Descr`) VALUES ('S46', 'P', 'P50', 'Técnico de Refrigeração e Climatização');
INSERT INTO `tblCursos` (`Curso`, `TpCurso`, `SubTipo`, `Descr`) VALUES ('S47', 'P', 'P50', 'Técnico de Segurança e Higiene do Trabalho');
INSERT INTO `tblCursos` (`Curso`, `TpCurso`, `SubTipo`, `Descr`) VALUES ('S48', 'P', 'P50', 'Técnico de Topografia');
INSERT INTO `tblCursos` (`Curso`, `TpCurso`, `SubTipo`, `Descr`) VALUES ('S49', 'P', 'P50', 'Técnico de Transformação do Pescado');
INSERT INTO `tblCursos` (`Curso`, `TpCurso`, `SubTipo`, `Descr`) VALUES ('S50', 'P', 'P50', 'Técnico de Vendas');
INSERT INTO `tblCursos` (`Curso`, `TpCurso`, `SubTipo`, `Descr`) VALUES ('S51', 'P', 'P50', 'Técnico Preparador de Carpintaria');
INSERT INTO `tblCursos` (`Curso`, `TpCurso`, `SubTipo`, `Descr`) VALUES ('S52', 'P', 'P50', 'Técnico de Vidro Artístico');
INSERT INTO `tblCursos` (`Curso`, `TpCurso`, `SubTipo`, `Descr`) VALUES ('S53', 'P', 'P50', 'Técnico de Vitrinismo');
INSERT INTO `tblCursos` (`Curso`, `TpCurso`, `SubTipo`, `Descr`) VALUES ('S54', 'P', 'P67', 'Técnicas de Cozinha/Pastelaria');
INSERT INTO `tblCursos` (`Curso`, `TpCurso`, `SubTipo`, `Descr`) VALUES ('S55', 'P', 'P67', 'Técnicas de Serviço de Restauração e Bebidas');
INSERT INTO `tblCursos` (`Curso`, `TpCurso`, `SubTipo`, `Descr`) VALUES ('S56', 'P', 'P67', 'Operações Turísticas e Hoteleiras');
INSERT INTO `tblCursos` (`Curso`, `TpCurso`, `SubTipo`, `Descr`) VALUES ('S57', 'P', 'P67', 'Cozinha/Pastelaria');
INSERT INTO `tblCursos` (`Curso`, `TpCurso`, `SubTipo`, `Descr`) VALUES ('S58', 'P', 'P67', 'Restaurante/Bar');
INSERT INTO `tblCursos` (`Curso`, `TpCurso`, `SubTipo`, `Descr`) VALUES ('S59', 'P', 'P67', 'Hotelaria e Turismo');
INSERT INTO `tblCursos` (`Curso`, `TpCurso`, `SubTipo`, `Descr`) VALUES ('T', 'C', 'C02', 'Curso Complementar Técnico Noturno');
INSERT INTO `tblCursos` (`Curso`, `TpCurso`, `SubTipo`, `Descr`) VALUES ('T01', 'P', 'P50', 'Acompanhante de Turismo Equestre');
INSERT INTO `tblCursos` (`Curso`, `TpCurso`, `SubTipo`, `Descr`) VALUES ('T02', 'P', 'P50', 'Animador Sociocultural');
INSERT INTO `tblCursos` (`Curso`, `TpCurso`, `SubTipo`, `Descr`) VALUES ('T03', 'P', 'P50', 'Esteticista-Cosmetologista');
INSERT INTO `tblCursos` (`Curso`, `TpCurso`, `SubTipo`, `Descr`) VALUES ('T04', 'P', 'P50', 'Programador de Informática');
INSERT INTO `tblCursos` (`Curso`, `TpCurso`, `SubTipo`, `Descr`) VALUES ('T05', 'P', 'P50', 'Técnico Comercial Bancário');
INSERT INTO `tblCursos` (`Curso`, `TpCurso`, `SubTipo`, `Descr`) VALUES ('T06', 'P', 'P50', 'Técnico de Ação Educativa');
INSERT INTO `tblCursos` (`Curso`, `TpCurso`, `SubTipo`, `Descr`) VALUES ('T07', 'P', 'P50', 'Técnico de Análise Laboratorial');
INSERT INTO `tblCursos` (`Curso`, `TpCurso`, `SubTipo`, `Descr`) VALUES ('T08', 'P', 'P50', 'Técnico de Cerâmica Criativa');
INSERT INTO `tblCursos` (`Curso`, `TpCurso`, `SubTipo`, `Descr`) VALUES ('T09', 'P', 'P50', 'Técnico de Construção Naval / Embarcações de Recreio');
INSERT INTO `tblCursos` (`Curso`, `TpCurso`, `SubTipo`, `Descr`) VALUES ('T10', 'P', 'P50', 'Técnico de Controlo de Qualidade Alimentar');
INSERT INTO `tblCursos` (`Curso`, `TpCurso`, `SubTipo`, `Descr`) VALUES ('T11', 'P', 'P50', 'Técnico de Desenho de Construção Civil');
INSERT INTO `tblCursos` (`Curso`, `TpCurso`, `SubTipo`, `Descr`) VALUES ('T12', 'P', 'P50', 'Técnico de Desenho de Mobiliário');
INSERT INTO `tblCursos` (`Curso`, `TpCurso`, `SubTipo`, `Descr`) VALUES ('T13', 'P', 'P50', 'Técnico de Desenho de Vestuário');
INSERT INTO `tblCursos` (`Curso`, `TpCurso`, `SubTipo`, `Descr`) VALUES ('T14', 'P', 'P50', 'Técnico de Design de Moda');
INSERT INTO `tblCursos` (`Curso`, `TpCurso`, `SubTipo`, `Descr`) VALUES ('T15', 'P', 'P50', 'Técnico de Eletrónica Médica');
INSERT INTO `tblCursos` (`Curso`, `TpCurso`, `SubTipo`, `Descr`) VALUES ('T16', 'P', 'P50', 'Técnico de Eletrónica, Áudio, Vídeo e TV');
INSERT INTO `tblCursos` (`Curso`, `TpCurso`, `SubTipo`, `Descr`) VALUES ('T17', 'P', 'P50', 'Técnico de Eletrónica, Automação e Comando');
INSERT INTO `tblCursos` (`Curso`, `TpCurso`, `SubTipo`, `Descr`) VALUES ('T18', 'P', 'P50', 'Técnico de Eletrónica, Automação e Computadores');
INSERT INTO `tblCursos` (`Curso`, `TpCurso`, `SubTipo`, `Descr`) VALUES ('T19', 'P', 'P50', 'Técnico de Eletrónica, Automação e Instrumentação');
INSERT INTO `tblCursos` (`Curso`, `TpCurso`, `SubTipo`, `Descr`) VALUES ('T20', 'P', 'P50', 'Técnico de Eletrotecnia');
INSERT INTO `tblCursos` (`Curso`, `TpCurso`, `SubTipo`, `Descr`) VALUES ('T21', 'P', 'P50', 'Técnico de Enobrecimento Têxtil');
INSERT INTO `tblCursos` (`Curso`, `TpCurso`, `SubTipo`, `Descr`) VALUES ('T22', 'P', 'P50', 'Técnico de Fabrico Manual de Calçado');
INSERT INTO `tblCursos` (`Curso`, `TpCurso`, `SubTipo`, `Descr`) VALUES ('T23', 'P', 'P50', 'Técnico de Gás');
INSERT INTO `tblCursos` (`Curso`, `TpCurso`, `SubTipo`, `Descr`) VALUES ('T24', 'P', 'P50', 'Técnico de Gestão Cinegética');
INSERT INTO `tblCursos` (`Curso`, `TpCurso`, `SubTipo`, `Descr`) VALUES ('T25', 'P', 'P50', 'Técnico de Gestão da Produção da Indústria da Cortiça');
INSERT INTO `tblCursos` (`Curso`, `TpCurso`, `SubTipo`, `Descr`) VALUES ('T26', 'P', 'P50', 'Técnico de Gestão Desportiva');
INSERT INTO `tblCursos` (`Curso`, `TpCurso`, `SubTipo`, `Descr`) VALUES ('T27', 'P', 'P50', 'Técnico de Gestão do Ambiente');
INSERT INTO `tblCursos` (`Curso`, `TpCurso`, `SubTipo`, `Descr`) VALUES ('T28', 'P', 'P50', 'Técnico de Informação e Animação Turística');
INSERT INTO `tblCursos` (`Curso`, `TpCurso`, `SubTipo`, `Descr`) VALUES ('T29', 'P', 'P50', 'Técnico de Informática - Sistemas');
INSERT INTO `tblCursos` (`Curso`, `TpCurso`, `SubTipo`, `Descr`) VALUES ('T30', 'P', 'P50', 'Técnico de Informática - Instalação e Gestão de Redes');
INSERT INTO `tblCursos` (`Curso`, `TpCurso`, `SubTipo`, `Descr`) VALUES ('T31', 'P', 'P50', 'Técnico de Instalações Elétricas');
INSERT INTO `tblCursos` (`Curso`, `TpCurso`, `SubTipo`, `Descr`) VALUES ('T32', 'P', 'P50', 'Técnico de Jardinagem e Espaços Verdes');
INSERT INTO `tblCursos` (`Curso`, `TpCurso`, `SubTipo`, `Descr`) VALUES ('T34', 'P', 'P50', 'Técnico de Maquinação CNC');
INSERT INTO `tblCursos` (`Curso`, `TpCurso`, `SubTipo`, `Descr`) VALUES ('T35', 'P', 'P50', 'Técnico de Máquinas de Confeção');
INSERT INTO `tblCursos` (`Curso`, `TpCurso`, `SubTipo`, `Descr`) VALUES ('T36', 'P', 'P50', 'Técnico de Máquinas Retas');
INSERT INTO `tblCursos` (`Curso`, `TpCurso`, `SubTipo`, `Descr`) VALUES ('T37', 'P', 'P50', 'Técnico de Mecatrónica');
INSERT INTO `tblCursos` (`Curso`, `TpCurso`, `SubTipo`, `Descr`) VALUES ('T38', 'P', 'P50', 'Técnico de Multimédia');
INSERT INTO `tblCursos` (`Curso`, `TpCurso`, `SubTipo`, `Descr`) VALUES ('T39', 'P', 'P50', 'Técnico de Ótica Ocular');
INSERT INTO `tblCursos` (`Curso`, `TpCurso`, `SubTipo`, `Descr`) VALUES ('T40', 'P', 'P50', 'Técnico de Organização de Eventos');
INSERT INTO `tblCursos` (`Curso`, `TpCurso`, `SubTipo`, `Descr`) VALUES ('T41', 'P', 'P50', 'Técnico de Produção Aeronáutica – Montagem de Estruturas');
INSERT INTO `tblCursos` (`Curso`, `TpCurso`, `SubTipo`, `Descr`) VALUES ('T42', 'P', 'P50', 'Técnico de Produção Agrária');
INSERT INTO `tblCursos` (`Curso`, `TpCurso`, `SubTipo`, `Descr`) VALUES ('T43', 'P', 'P50', 'Técnico de Produção Automóvel');
INSERT INTO `tblCursos` (`Curso`, `TpCurso`, `SubTipo`, `Descr`) VALUES ('T44', 'P', 'P50', 'Técnico de Produção e Transformação de Compósitos');
INSERT INTO `tblCursos` (`Curso`, `TpCurso`, `SubTipo`, `Descr`) VALUES ('T45', 'P', 'P50', 'Técnico de Projeto de Moldes e Modelos');
INSERT INTO `tblCursos` (`Curso`, `TpCurso`, `SubTipo`, `Descr`) VALUES ('T46', 'P', 'P50', 'Técnico de Química Industrial');
INSERT INTO `tblCursos` (`Curso`, `TpCurso`, `SubTipo`, `Descr`) VALUES ('T47', 'P', 'P50', 'Técnico de Recursos Florestais e Ambientais');
INSERT INTO `tblCursos` (`Curso`, `TpCurso`, `SubTipo`, `Descr`) VALUES ('T48', 'P', 'P50', 'Técnico de Termalismo');
INSERT INTO `tblCursos` (`Curso`, `TpCurso`, `SubTipo`, `Descr`) VALUES ('T49', 'P', 'P50', 'Técnico de Transformação de Madeira');
INSERT INTO `tblCursos` (`Curso`, `TpCurso`, `SubTipo`, `Descr`) VALUES ('T50', 'P', 'P50', 'Técnico de Transformação de Polímeros/Processos de Produção');
INSERT INTO `tblCursos` (`Curso`, `TpCurso`, `SubTipo`, `Descr`) VALUES ('T51', 'P', 'P50', 'Técnico de Tratamento de Metais');
INSERT INTO `tblCursos` (`Curso`, `TpCurso`, `SubTipo`, `Descr`) VALUES ('T52', 'P', 'P50', 'Técnico de Turismo Ambiental e Rural');
INSERT INTO `tblCursos` (`Curso`, `TpCurso`, `SubTipo`, `Descr`) VALUES ('T53', 'P', 'P50', 'Técnico Instalador de Sistemas de Bioenergia');
INSERT INTO `tblCursos` (`Curso`, `TpCurso`, `SubTipo`, `Descr`) VALUES ('T54', 'P', 'P50', 'Técnico Instalador de Sistemas Eólicos');
INSERT INTO `tblCursos` (`Curso`, `TpCurso`, `SubTipo`, `Descr`) VALUES ('T55', 'P', 'P50', 'Técnico Instalador de Sistemas Solares Fotovoltaicos');
INSERT INTO `tblCursos` (`Curso`, `TpCurso`, `SubTipo`, `Descr`) VALUES ('T56', 'P', 'P50', 'Técnico Instalador de Sistemas Solares Térmicos');
# 927 records

#
# Table structure for table 'tblCursosSubTipos'
#

DROP TABLE IF EXISTS `tblCursosSubTipos`;

CREATE TABLE `tblCursosSubTipos` (
  `TpCurso` VARCHAR(1) NOT NULL, 
  `SubTipo` VARCHAR(3) NOT NULL, 
  `Descr` VARCHAR(120), 
  PRIMARY KEY (`TpCurso`, `SubTipo`)
) ENGINE=myisam DEFAULT CHARSET=utf8;

SET autocommit=1;

#
# Dumping data for table 'tblCursosSubTipos'
#

INSERT INTO `tblCursosSubTipos` (`TpCurso`, `SubTipo`, `Descr`) VALUES ('C', 'C01', 'Cursos diurnos');
INSERT INTO `tblCursosSubTipos` (`TpCurso`, `SubTipo`, `Descr`) VALUES ('C', 'C02', 'Cursos nocturnos');
INSERT INTO `tblCursosSubTipos` (`TpCurso`, `SubTipo`, `Descr`) VALUES ('C', 'C03', 'Equivalência a curso complementar');
INSERT INTO `tblCursosSubTipos` (`TpCurso`, `SubTipo`, `Descr`) VALUES ('E', 'E01', 'Via de ensino do 12º ano');
INSERT INTO `tblCursosSubTipos` (`TpCurso`, `SubTipo`, `Descr`) VALUES ('E', 'E64', 'Situações decorrentes do Despacho 64/ME/95');
INSERT INTO `tblCursosSubTipos` (`TpCurso`, `SubTipo`, `Descr`) VALUES ('E', 'E90', '12º ano de escolaridade (ensino artístico)');
INSERT INTO `tblCursosSubTipos` (`TpCurso`, `SubTipo`, `Descr`) VALUES ('N', 'N01', 'Cursos Científico-Humanísticos');
INSERT INTO `tblCursosSubTipos` (`TpCurso`, `SubTipo`, `Descr`) VALUES ('N', 'N02', 'Cursos Artísticos Especializados');
INSERT INTO `tblCursosSubTipos` (`TpCurso`, `SubTipo`, `Descr`) VALUES ('N', 'N03', 'Cursos Tecnológicos');
INSERT INTO `tblCursosSubTipos` (`TpCurso`, `SubTipo`, `Descr`) VALUES ('N', 'N04', 'Cursos Científico-Humanísticos do Ensino Recorrente');
INSERT INTO `tblCursosSubTipos` (`TpCurso`, `SubTipo`, `Descr`) VALUES ('N', 'N05', 'Cursos Tecnológicos do Ensino Recorrente');
INSERT INTO `tblCursosSubTipos` (`TpCurso`, `SubTipo`, `Descr`) VALUES ('N', 'N06', 'Cursos Artísticos Especializados do Ensino Recorrente');
INSERT INTO `tblCursosSubTipos` (`TpCurso`, `SubTipo`, `Descr`) VALUES ('N', 'N07', 'Cursos Profissionais');
INSERT INTO `tblCursosSubTipos` (`TpCurso`, `SubTipo`, `Descr`) VALUES ('N', 'N20', 'Colégio Internato dos Carvalhos');
INSERT INTO `tblCursosSubTipos` (`TpCurso`, `SubTipo`, `Descr`) VALUES ('N', 'N21', 'Colégio de Gaia');
INSERT INTO `tblCursosSubTipos` (`TpCurso`, `SubTipo`, `Descr`) VALUES ('N', 'N22', 'Instituto Nun\'Álvares - Santo Tirso');
INSERT INTO `tblCursosSubTipos` (`TpCurso`, `SubTipo`, `Descr`) VALUES ('N', 'N24', 'Colégio de S. Gonçalo - Amarante');
INSERT INTO `tblCursosSubTipos` (`TpCurso`, `SubTipo`, `Descr`) VALUES ('N', 'N25', 'Colégio de S. Miguel - Fátima');
INSERT INTO `tblCursosSubTipos` (`TpCurso`, `SubTipo`, `Descr`) VALUES ('N', 'N26', 'Escola de Formação Social e Rural - Lamego e Leiria');
INSERT INTO `tblCursosSubTipos` (`TpCurso`, `SubTipo`, `Descr`) VALUES ('N', 'N27', 'Colégio dos Órfãos do Porto');
INSERT INTO `tblCursosSubTipos` (`TpCurso`, `SubTipo`, `Descr`) VALUES ('N', 'N28', 'INED - Instituto de Educação e Desenvolvimento');
INSERT INTO `tblCursosSubTipos` (`TpCurso`, `SubTipo`, `Descr`) VALUES ('N', 'N30', 'Instituto das Artes e da Imagem');
INSERT INTO `tblCursosSubTipos` (`TpCurso`, `SubTipo`, `Descr`) VALUES ('N', 'N40', 'Escola Portuguesa de Macau');
INSERT INTO `tblCursosSubTipos` (`TpCurso`, `SubTipo`, `Descr`) VALUES ('N', 'N80', 'Ensino Recorrente por Blocos Capitalizáveis (R.A. Açores)');
INSERT INTO `tblCursosSubTipos` (`TpCurso`, `SubTipo`, `Descr`) VALUES ('P', 'P01', 'Área 1 - Administração, Serviços e Comércio');
INSERT INTO `tblCursosSubTipos` (`TpCurso`, `SubTipo`, `Descr`) VALUES ('P', 'P02', 'Área 2 - Agro-Alimentar');
INSERT INTO `tblCursosSubTipos` (`TpCurso`, `SubTipo`, `Descr`) VALUES ('P', 'P03', 'Área 3 - Ambiente e Recursos Naturais');
INSERT INTO `tblCursosSubTipos` (`TpCurso`, `SubTipo`, `Descr`) VALUES ('P', 'P04', 'Área 4 - Artes do Espectáculo');
INSERT INTO `tblCursosSubTipos` (`TpCurso`, `SubTipo`, `Descr`) VALUES ('P', 'P05', 'Área 5 - Artes Gráficas');
INSERT INTO `tblCursosSubTipos` (`TpCurso`, `SubTipo`, `Descr`) VALUES ('P', 'P06', 'Área 6 - Construção Civil');
INSERT INTO `tblCursosSubTipos` (`TpCurso`, `SubTipo`, `Descr`) VALUES ('P', 'P07', 'Área 7 - Design e Desenho Técnico');
INSERT INTO `tblCursosSubTipos` (`TpCurso`, `SubTipo`, `Descr`) VALUES ('P', 'P08', 'Área 8 - Electricidade e Electrónica');
INSERT INTO `tblCursosSubTipos` (`TpCurso`, `SubTipo`, `Descr`) VALUES ('P', 'P09', 'Área 9 - Hotelaria e Turismo');
INSERT INTO `tblCursosSubTipos` (`TpCurso`, `SubTipo`, `Descr`) VALUES ('P', 'P10', 'Área 10 - Informação, Comunicação e Documentação');
INSERT INTO `tblCursosSubTipos` (`TpCurso`, `SubTipo`, `Descr`) VALUES ('P', 'P11', 'Área 11 - Informática');
INSERT INTO `tblCursosSubTipos` (`TpCurso`, `SubTipo`, `Descr`) VALUES ('P', 'P12', 'Área 12 - Intervenção Pessoal e Social');
INSERT INTO `tblCursosSubTipos` (`TpCurso`, `SubTipo`, `Descr`) VALUES ('P', 'P13', 'Área 13 - Metalomecânica');
INSERT INTO `tblCursosSubTipos` (`TpCurso`, `SubTipo`, `Descr`) VALUES ('P', 'P14', 'Área 14 - Património Cultural e Prod. Artística');
INSERT INTO `tblCursosSubTipos` (`TpCurso`, `SubTipo`, `Descr`) VALUES ('P', 'P15', 'Área 15 - Química');
INSERT INTO `tblCursosSubTipos` (`TpCurso`, `SubTipo`, `Descr`) VALUES ('P', 'P16', 'Área 16 - Têxtil, Vestuário e Calçado');
INSERT INTO `tblCursosSubTipos` (`TpCurso`, `SubTipo`, `Descr`) VALUES ('P', 'P17', 'Escolas profissionais - Outras Áreas');
INSERT INTO `tblCursosSubTipos` (`TpCurso`, `SubTipo`, `Descr`) VALUES ('P', 'P50', 'Sistema de Aprendizagem (I.E.F.P)');
INSERT INTO `tblCursosSubTipos` (`TpCurso`, `SubTipo`, `Descr`) VALUES ('P', 'P60', 'Casa Pia de Lisboa');
INSERT INTO `tblCursosSubTipos` (`TpCurso`, `SubTipo`, `Descr`) VALUES ('P', 'P61', 'Curso de Educador Social do Instituto Piaget');
INSERT INTO `tblCursosSubTipos` (`TpCurso`, `SubTipo`, `Descr`) VALUES ('P', 'P62', 'Instituto de Formação Bancária');
INSERT INTO `tblCursosSubTipos` (`TpCurso`, `SubTipo`, `Descr`) VALUES ('P', 'P63', 'Formação de Sargentos da Força Aérea');
INSERT INTO `tblCursosSubTipos` (`TpCurso`, `SubTipo`, `Descr`) VALUES ('P', 'P64', 'Formação de Sargentos da Marinha');
INSERT INTO `tblCursosSubTipos` (`TpCurso`, `SubTipo`, `Descr`) VALUES ('P', 'P65', 'Instituto Nacional de Formação Turística');
INSERT INTO `tblCursosSubTipos` (`TpCurso`, `SubTipo`, `Descr`) VALUES ('P', 'P66', 'Formação de Sargentos do Exército');
INSERT INTO `tblCursosSubTipos` (`TpCurso`, `SubTipo`, `Descr`) VALUES ('P', 'P67', 'Instituto de Turismo de Portugal, I.P.');
INSERT INTO `tblCursosSubTipos` (`TpCurso`, `SubTipo`, `Descr`) VALUES ('P', 'P70', 'Cursos Educação e Formação');
INSERT INTO `tblCursosSubTipos` (`TpCurso`, `SubTipo`, `Descr`) VALUES ('Q', 'Q01', 'Equivalências');
INSERT INTO `tblCursosSubTipos` (`TpCurso`, `SubTipo`, `Descr`) VALUES ('R', 'R01', 'Cursos Gerais e Cursos Tecnológicos');
INSERT INTO `tblCursosSubTipos` (`TpCurso`, `SubTipo`, `Descr`) VALUES ('R', 'R02', 'Ensino Artístico (Esc. Sec. António Arroio)');
INSERT INTO `tblCursosSubTipos` (`TpCurso`, `SubTipo`, `Descr`) VALUES ('R', 'R03', 'Ensino Artístico (Esc. Sec. Soares dos Reis)');
INSERT INTO `tblCursosSubTipos` (`TpCurso`, `SubTipo`, `Descr`) VALUES ('R', 'R04', 'Ensino Artístico (Música e Dança)');
INSERT INTO `tblCursosSubTipos` (`TpCurso`, `SubTipo`, `Descr`) VALUES ('R', 'R20', 'Colégio Internato dos Carvalhos');
INSERT INTO `tblCursosSubTipos` (`TpCurso`, `SubTipo`, `Descr`) VALUES ('R', 'R21', 'Colégio de Gaia');
INSERT INTO `tblCursosSubTipos` (`TpCurso`, `SubTipo`, `Descr`) VALUES ('R', 'R22', 'Instituto Nun\'Álvares - Santo Tirso');
INSERT INTO `tblCursosSubTipos` (`TpCurso`, `SubTipo`, `Descr`) VALUES ('R', 'R23', 'DIDÁXIS - Cooperativa de Ensino');
INSERT INTO `tblCursosSubTipos` (`TpCurso`, `SubTipo`, `Descr`) VALUES ('R', 'R24', 'Colégio de S. Gonçalo - Amarante');
INSERT INTO `tblCursosSubTipos` (`TpCurso`, `SubTipo`, `Descr`) VALUES ('R', 'R25', 'Colégio de S. Miguel - Fátima');
INSERT INTO `tblCursosSubTipos` (`TpCurso`, `SubTipo`, `Descr`) VALUES ('R', 'R26', 'Escola de Formação Social e Rural - Lamego e Leiria');
INSERT INTO `tblCursosSubTipos` (`TpCurso`, `SubTipo`, `Descr`) VALUES ('R', 'R27', 'Colégio dos Órfãos do Porto');
INSERT INTO `tblCursosSubTipos` (`TpCurso`, `SubTipo`, `Descr`) VALUES ('R', 'R28', 'INED - Instituto de Educação e Desenvolvimento');
INSERT INTO `tblCursosSubTipos` (`TpCurso`, `SubTipo`, `Descr`) VALUES ('R', 'R29', 'Externato de Nossa Senhora do Perpétuo Socorro');
INSERT INTO `tblCursosSubTipos` (`TpCurso`, `SubTipo`, `Descr`) VALUES ('R', 'R30', 'Instituto das Artes e da Imagem');
INSERT INTO `tblCursosSubTipos` (`TpCurso`, `SubTipo`, `Descr`) VALUES ('R', 'R31', 'Grande Colégio Universal');
INSERT INTO `tblCursosSubTipos` (`TpCurso`, `SubTipo`, `Descr`) VALUES ('R', 'R80', 'Ensino Recorrente por Blocos Capitalizáveis (R.A. Açores)');
INSERT INTO `tblCursosSubTipos` (`TpCurso`, `SubTipo`, `Descr`) VALUES ('T', 'T01', 'Técnico-profissionais');
INSERT INTO `tblCursosSubTipos` (`TpCurso`, `SubTipo`, `Descr`) VALUES ('T', 'T02', 'Pós-laborais');
INSERT INTO `tblCursosSubTipos` (`TpCurso`, `SubTipo`, `Descr`) VALUES ('U', 'U01', 'Ensino secundário recorrente');
INSERT INTO `tblCursosSubTipos` (`TpCurso`, `SubTipo`, `Descr`) VALUES ('V', 'V01', 'Via profissionalizante do 12º ano');
INSERT INTO `tblCursosSubTipos` (`TpCurso`, `SubTipo`, `Descr`) VALUES ('W', 'W01', 'Via profissionalizante dos 10º/12º anos');
# 74 records

#
# Table structure for table 'tblCursosTipos'
#

DROP TABLE IF EXISTS `tblCursosTipos`;

CREATE TABLE `tblCursosTipos` (
  `TpCurso` VARCHAR(1) NOT NULL, 
  `Descr` VARCHAR(45), 
  `Ano_Ini` TINYINT(3) UNSIGNED, 
  `Ano_Term` TINYINT(3) UNSIGNED, 
  `Ordena` TINYINT(3) UNSIGNED, 
  INDEX (`Ordena`), 
  PRIMARY KEY (`TpCurso`)
) ENGINE=myisam DEFAULT CHARSET=utf8;

SET autocommit=1;

#
# Dumping data for table 'tblCursosTipos'
#

INSERT INTO `tblCursosTipos` (`TpCurso`, `Descr`, `Ano_Ini`, `Ano_Term`, `Ordena`) VALUES ('C', 'Cursos complementares dos 10º/11º anos', 10, 11, 20);
INSERT INTO `tblCursosTipos` (`TpCurso`, `Descr`, `Ano_Ini`, `Ano_Term`, `Ordena`) VALUES ('E', 'Via de ensino do 12º ano', 12, 12, 2);
INSERT INTO `tblCursosTipos` (`TpCurso`, `Descr`, `Ano_Ini`, `Ano_Term`, `Ordena`) VALUES ('N', 'Nível secundário de educação', 10, 12, 1);
INSERT INTO `tblCursosTipos` (`TpCurso`, `Descr`, `Ano_Ini`, `Ano_Term`, `Ordena`) VALUES ('P', 'Ensino profissional', 10, 12, 5);
INSERT INTO `tblCursosTipos` (`TpCurso`, `Descr`, `Ano_Ini`, `Ano_Term`, `Ordena`) VALUES ('Q', 'Equivalências', 10, 12, 8);
INSERT INTO `tblCursosTipos` (`TpCurso`, `Descr`, `Ano_Ini`, `Ano_Term`, `Ordena`) VALUES ('R', 'Ensino secundário (DL 286/89)', 10, 12, 1);
INSERT INTO `tblCursosTipos` (`TpCurso`, `Descr`, `Ano_Ini`, `Ano_Term`, `Ordena`) VALUES ('T', 'Técnico-profissionais', 10, 12, 4);
INSERT INTO `tblCursosTipos` (`TpCurso`, `Descr`, `Ano_Ini`, `Ano_Term`, `Ordena`) VALUES ('U', 'Ensino recorrente', 10, 12, 7);
INSERT INTO `tblCursosTipos` (`TpCurso`, `Descr`, `Ano_Ini`, `Ano_Term`, `Ordena`) VALUES ('V', 'Via profissionalizante do 12º ano', 12, 12, 3);
INSERT INTO `tblCursosTipos` (`TpCurso`, `Descr`, `Ano_Ini`, `Ano_Term`, `Ordena`) VALUES ('W', 'Via profissionalizante dos 10º/12º anos', 10, 12, 3);
# 10 records

#
# Table structure for table 'tblEscolas'
#

DROP TABLE IF EXISTS `tblEscolas`;

CREATE TABLE `tblEscolas` (
  `Escola` VARCHAR(4) NOT NULL, 
  `Descr` VARCHAR(70), 
  `Distrito` VARCHAR(2), 
  `Concelho` VARCHAR(2), 
  `PubPriv` VARCHAR(3), 
  PRIMARY KEY (`Escola`)
) ENGINE=myisam DEFAULT CHARSET=utf8;

SET autocommit=1;

#
# Dumping data for table 'tblEscolas'
#

INSERT INTO `tblEscolas` (`Escola`, `Descr`, `Distrito`, `Concelho`, `PubPriv`) VALUES ('0002', 'Escola Básica e Secundária de Michel Giacometti', '15', '11', 'PUB');
INSERT INTO `tblEscolas` (`Escola`, `Descr`, `Distrito`, `Concelho`, `PubPriv`) VALUES ('0031', 'Escola Básica e Secundária Dr. João de Brito Camacho-Almodôvar', '02', '02', 'PUB');
INSERT INTO `tblEscolas` (`Escola`, `Descr`, `Distrito`, `Concelho`, `PubPriv`) VALUES ('0039', 'Escola Básica e Secundária de Ourique', '02', '12', 'PUB');
INSERT INTO `tblEscolas` (`Escola`, `Descr`, `Distrito`, `Concelho`, `PubPriv`) VALUES ('0049', 'Escola Básica e Secundária de Celorico de Basto', '03', '05', 'PUB');
INSERT INTO `tblEscolas` (`Escola`, `Descr`, `Distrito`, `Concelho`, `PubPriv`) VALUES ('0057', 'Escola Básica e Secundária de Terras de Bouro', '03', '10', 'PUB');
INSERT INTO `tblEscolas` (`Escola`, `Descr`, `Distrito`, `Concelho`, `PubPriv`) VALUES ('0062', 'Escola Básica e Secundária de Alfandega da Fé', '04', '01', 'PUB');
INSERT INTO `tblEscolas` (`Escola`, `Descr`, `Distrito`, `Concelho`, `PubPriv`) VALUES ('0076', 'Escola Básica e Secundária Pedro Álvares Cabral - Belmonte', '05', '01', 'PUB');
INSERT INTO `tblEscolas` (`Escola`, `Descr`, `Distrito`, `Concelho`, `PubPriv`) VALUES ('0083', 'Escola Básica e Secundária José Silvestre Ribeiro', '05', '05', 'PUB');
INSERT INTO `tblEscolas` (`Escola`, `Descr`, `Distrito`, `Concelho`, `PubPriv`) VALUES ('0085', 'Escola Básica e Secundária Ribeiro Sanches', '05', '07', 'PUB');
INSERT INTO `tblEscolas` (`Escola`, `Descr`, `Distrito`, `Concelho`, `PubPriv`) VALUES ('0086', 'Escola Básica e Secundária Pedro da Fonseca', '05', '08', 'PUB');
INSERT INTO `tblEscolas` (`Escola`, `Descr`, `Distrito`, `Concelho`, `PubPriv`) VALUES ('0097', 'Escola Secundária Fernando Namora', '06', '04', 'PUB');
INSERT INTO `tblEscolas` (`Escola`, `Descr`, `Distrito`, `Concelho`, `PubPriv`) VALUES ('0102', 'Escola Básica e Secundária José Falcão - Miranda do Corvo', '06', '09', 'PUB');
INSERT INTO `tblEscolas` (`Escola`, `Descr`, `Distrito`, `Concelho`, `PubPriv`) VALUES ('0105', 'Escola Básica de Pampilhosa da Serra', '06', '12', 'PUB');
INSERT INTO `tblEscolas` (`Escola`, `Descr`, `Distrito`, `Concelho`, `PubPriv`) VALUES ('0110', 'Escola Básica e Secundária Dr. Daniel de Matos - Vila Nova de Poiares', '06', '17', 'PUB');
INSERT INTO `tblEscolas` (`Escola`, `Descr`, `Distrito`, `Concelho`, `PubPriv`) VALUES ('0111', 'Escola Básica e Secundária Cunha Rivara, Arraiolos', '07', '02', 'PUB');
INSERT INTO `tblEscolas` (`Escola`, `Descr`, `Distrito`, `Concelho`, `PubPriv`) VALUES ('0122', 'Escola Básica e Secundária Dr. Isidoro de Sousa', '07', '13', 'PUB');
INSERT INTO `tblEscolas` (`Escola`, `Descr`, `Distrito`, `Concelho`, `PubPriv`) VALUES ('0145', 'Escola Básica e Secundária de Aguiar da Beira', '09', '01', 'PUB');
INSERT INTO `tblEscolas` (`Escola`, `Descr`, `Distrito`, `Concelho`, `PubPriv`) VALUES ('0146', 'Escola Básica e Secundária Dr. José Casimiro Matias', '09', '02', 'PUB');
INSERT INTO `tblEscolas` (`Escola`, `Descr`, `Distrito`, `Concelho`, `PubPriv`) VALUES ('0147', 'Escola Básica e Secundária Sacadura Cabral - Celorico da Beira', '09', '03', 'PUB');
INSERT INTO `tblEscolas` (`Escola`, `Descr`, `Distrito`, `Concelho`, `PubPriv`) VALUES ('0149', 'Escola Básica e Secundária de Fornos de Algodres', '09', '05', 'PUB');
INSERT INTO `tblEscolas` (`Escola`, `Descr`, `Distrito`, `Concelho`, `PubPriv`) VALUES ('0153', 'Escola Básica e Secundária de Mêda', '09', '09', 'PUB');
INSERT INTO `tblEscolas` (`Escola`, `Descr`, `Distrito`, `Concelho`, `PubPriv`) VALUES ('0162', 'Escola Básica e Secundária de S. Martinho do Porto', '10', '01', 'PUB');
INSERT INTO `tblEscolas` (`Escola`, `Descr`, `Distrito`, `Concelho`, `PubPriv`) VALUES ('0163', 'Escola Básica e Secundária Dr. Manuel Ribeiro Ferreira', '10', '02', 'PUB');
INSERT INTO `tblEscolas` (`Escola`, `Descr`, `Distrito`, `Concelho`, `PubPriv`) VALUES ('0164', 'Escola Básica e Secundária Dr. Pascoal José de Mello, Ansião', '10', '03', 'PUB');
INSERT INTO `tblEscolas` (`Escola`, `Descr`, `Distrito`, `Concelho`, `PubPriv`) VALUES ('0227', 'Escola Básica e Secundária Joaquim Inácio da Cruz Sobral', '11', '12', 'PUB');
INSERT INTO `tblEscolas` (`Escola`, `Descr`, `Distrito`, `Concelho`, `PubPriv`) VALUES ('0237', 'Escola Básica e Secundária Padre José Agostinho Rodrigues', '12', '01', 'PUB');
INSERT INTO `tblEscolas` (`Escola`, `Descr`, `Distrito`, `Concelho`, `PubPriv`) VALUES ('0244', 'Escola Básica e Secundária Prof. Mendes Remédios - Nisa', '12', '12', 'PUB');
INSERT INTO `tblEscolas` (`Escola`, `Descr`, `Distrito`, `Concelho`, `PubPriv`) VALUES ('0248', 'Escola Básica e Secundária Vale de Ovil - Baião', '13', '02', 'PUB');
INSERT INTO `tblEscolas` (`Escola`, `Descr`, `Distrito`, `Concelho`, `PubPriv`) VALUES ('0253', 'Escola Secundária de S. Pedro da Cova', '13', '04', 'PUB');
INSERT INTO `tblEscolas` (`Escola`, `Descr`, `Distrito`, `Concelho`, `PubPriv`) VALUES ('0264', 'Escola Básica e Secundária de Lordelo', '13', '10', 'PUB');
INSERT INTO `tblEscolas` (`Escola`, `Descr`, `Distrito`, `Concelho`, `PubPriv`) VALUES ('0293', 'Escola Básica e Secundária Octávio Duarte Ferreira (Tramagal)', '14', '01', 'PUB');
INSERT INTO `tblEscolas` (`Escola`, `Descr`, `Distrito`, `Concelho`, `PubPriv`) VALUES ('0296', 'Escola Básica e Secundária de José Relvas - Alpiarça', '14', '04', 'PUB');
INSERT INTO `tblEscolas` (`Escola`, `Descr`, `Distrito`, `Concelho`, `PubPriv`) VALUES ('0299', 'Escola Básica e Secundária de Chamusca', '14', '07', 'PUB');
INSERT INTO `tblEscolas` (`Escola`, `Descr`, `Distrito`, `Concelho`, `PubPriv`) VALUES ('0302', 'Escola Básica e Secundária Pedro Ferreiro', '14', '11', 'PUB');
INSERT INTO `tblEscolas` (`Escola`, `Descr`, `Distrito`, `Concelho`, `PubPriv`) VALUES ('0303', 'Escola Básica e Secundária de Mestre Martins Correia (Golegã)', '14', '12', 'PUB');
INSERT INTO `tblEscolas` (`Escola`, `Descr`, `Distrito`, `Concelho`, `PubPriv`) VALUES ('0308', 'Escola Básica e Secundária Dr.ª Maria Judite Serrão Andrade - Sardoal', '14', '17', 'PUB');
INSERT INTO `tblEscolas` (`Escola`, `Descr`, `Distrito`, `Concelho`, `PubPriv`) VALUES ('0311', 'Escola Básica e Secundária D. Maria II de Vila Nova da Barquinha', '14', '20', 'PUB');
INSERT INTO `tblEscolas` (`Escola`, `Descr`, `Distrito`, `Concelho`, `PubPriv`) VALUES ('0335', 'Escola Básica e Secundária Sidónio Pais - Caminha', '16', '02', 'PUB');
INSERT INTO `tblEscolas` (`Escola`, `Descr`, `Distrito`, `Concelho`, `PubPriv`) VALUES ('0336', 'Escola Básica e Secundária de Melgaço', '16', '03', 'PUB');
INSERT INTO `tblEscolas` (`Escola`, `Descr`, `Distrito`, `Concelho`, `PubPriv`) VALUES ('0344', 'Escola Básica e Secundária de Vila Nova de Cerveira', '16', '10', 'PUB');
INSERT INTO `tblEscolas` (`Escola`, `Descr`, `Distrito`, `Concelho`, `PubPriv`) VALUES ('0349', 'Escola Básica e Secundária Prof.António da Natividade - Mesão Frio', '17', '04', 'PUB');
INSERT INTO `tblEscolas` (`Escola`, `Descr`, `Distrito`, `Concelho`, `PubPriv`) VALUES ('0350', 'Escola Básica e Secundária de Mondim de Basto', '17', '05', 'PUB');
INSERT INTO `tblEscolas` (`Escola`, `Descr`, `Distrito`, `Concelho`, `PubPriv`) VALUES ('0352', 'Escola Básica e Secundária de Murça', '17', '07', 'PUB');
INSERT INTO `tblEscolas` (`Escola`, `Descr`, `Distrito`, `Concelho`, `PubPriv`) VALUES ('0354', 'Escola Básica e Secundária de Ribeira de Pena', '17', '09', 'PUB');
INSERT INTO `tblEscolas` (`Escola`, `Descr`, `Distrito`, `Concelho`, `PubPriv`) VALUES ('0355', 'Escola Básica e Secundária Miguel Torga - Sabrosa', '17', '10', 'PUB');
INSERT INTO `tblEscolas` (`Escola`, `Descr`, `Distrito`, `Concelho`, `PubPriv`) VALUES ('0369', 'Escola Básica e Secundária Eng. Dionísio Augusto Cunha', '18', '09', 'PUB');
INSERT INTO `tblEscolas` (`Escola`, `Descr`, `Distrito`, `Concelho`, `PubPriv`) VALUES ('0370', 'Escola Básica e Secundária de Oliveira de Frades', '18', '10', 'PUB');
INSERT INTO `tblEscolas` (`Escola`, `Descr`, `Distrito`, `Concelho`, `PubPriv`) VALUES ('0371', 'Escola Básica e Secundária de Penalva do Castelo', '18', '11', 'PUB');
INSERT INTO `tblEscolas` (`Escola`, `Descr`, `Distrito`, `Concelho`, `PubPriv`) VALUES ('0375', 'Escola Básica e Secundária de S. João da Pesqueira', '18', '15', 'PUB');
INSERT INTO `tblEscolas` (`Escola`, `Descr`, `Distrito`, `Concelho`, `PubPriv`) VALUES ('0379', 'Escola Básica e Secundária Abel Botelho', '18', '19', 'PUB');
INSERT INTO `tblEscolas` (`Escola`, `Descr`, `Distrito`, `Concelho`, `PubPriv`) VALUES ('0388', 'Escola Básica e Secundária Dr. José Leite Vasconcelos', '18', '20', 'PUB');
INSERT INTO `tblEscolas` (`Escola`, `Descr`, `Distrito`, `Concelho`, `PubPriv`) VALUES ('0389', 'Escola Básica e Secundária da Guia', '10', '15', 'PUB');
INSERT INTO `tblEscolas` (`Escola`, `Descr`, `Distrito`, `Concelho`, `PubPriv`) VALUES ('0400', 'Escola Secundária de Caldas das Taipas', '03', '08', 'PUB');
INSERT INTO `tblEscolas` (`Escola`, `Descr`, `Distrito`, `Concelho`, `PubPriv`) VALUES ('0401', 'Escola Básica e Secundária da Batalha', '10', '04', 'PUB');
INSERT INTO `tblEscolas` (`Escola`, `Descr`, `Distrito`, `Concelho`, `PubPriv`) VALUES ('0402', 'Escola Secundária José Estevão', '01', '05', 'PUB');
INSERT INTO `tblEscolas` (`Escola`, `Descr`, `Distrito`, `Concelho`, `PubPriv`) VALUES ('0403', 'Escola Básica e Secundária Dr. Manuel Laranjeira', '01', '07', 'PUB');
INSERT INTO `tblEscolas` (`Escola`, `Descr`, `Distrito`, `Concelho`, `PubPriv`) VALUES ('0404', 'Escola Básica e Secundária Ferreira de Castro', '01', '13', 'PUB');
INSERT INTO `tblEscolas` (`Escola`, `Descr`, `Distrito`, `Concelho`, `PubPriv`) VALUES ('0405', 'Escola Secundária Júlio Dinis', '01', '15', 'PUB');
INSERT INTO `tblEscolas` (`Escola`, `Descr`, `Distrito`, `Concelho`, `PubPriv`) VALUES ('0406', 'Escola Secundária João Silva Correia', '01', '16', 'PUB');
INSERT INTO `tblEscolas` (`Escola`, `Descr`, `Distrito`, `Concelho`, `PubPriv`) VALUES ('0407', 'Escola Secundária Diogo de Gouveia', '02', '05', 'PUB');
INSERT INTO `tblEscolas` (`Escola`, `Descr`, `Distrito`, `Concelho`, `PubPriv`) VALUES ('0408', 'Escola Secundária de Barcelos', '03', '02', 'PUB');
INSERT INTO `tblEscolas` (`Escola`, `Descr`, `Distrito`, `Concelho`, `PubPriv`) VALUES ('0409', 'Escola Secundária Sá de Miranda', '03', '03', 'PUB');
INSERT INTO `tblEscolas` (`Escola`, `Descr`, `Distrito`, `Concelho`, `PubPriv`) VALUES ('0410', 'Escola Secundária D. Maria II', '03', '03', 'PUB');
INSERT INTO `tblEscolas` (`Escola`, `Descr`, `Distrito`, `Concelho`, `PubPriv`) VALUES ('0411', 'Escola Secundária Martins Sarmento', '03', '08', 'PUB');
INSERT INTO `tblEscolas` (`Escola`, `Descr`, `Distrito`, `Concelho`, `PubPriv`) VALUES ('0412', 'Escola Secundária Camilo Castelo Branco-V.N.Famalicão', '03', '12', 'PUB');
INSERT INTO `tblEscolas` (`Escola`, `Descr`, `Distrito`, `Concelho`, `PubPriv`) VALUES ('0413', 'Escola Secundária Emídio Garcia', '04', '02', 'PUB');
INSERT INTO `tblEscolas` (`Escola`, `Descr`, `Distrito`, `Concelho`, `PubPriv`) VALUES ('0414', 'Escola Secundária Nuno Álvares', '05', '02', 'PUB');
INSERT INTO `tblEscolas` (`Escola`, `Descr`, `Distrito`, `Concelho`, `PubPriv`) VALUES ('0415', 'Escola Secundária Frei Heitor Pinto', '05', '03', 'PUB');
INSERT INTO `tblEscolas` (`Escola`, `Descr`, `Distrito`, `Concelho`, `PubPriv`) VALUES ('0416', 'Escola Secundária D. Duarte', '06', '03', 'PUB');
INSERT INTO `tblEscolas` (`Escola`, `Descr`, `Distrito`, `Concelho`, `PubPriv`) VALUES ('0417', 'Escola Secundária Infanta D. Maria', '06', '03', 'PUB');
INSERT INTO `tblEscolas` (`Escola`, `Descr`, `Distrito`, `Concelho`, `PubPriv`) VALUES ('0418', 'Escola Secundária José Falcão', '06', '03', 'PUB');
INSERT INTO `tblEscolas` (`Escola`, `Descr`, `Distrito`, `Concelho`, `PubPriv`) VALUES ('0419', 'Escola Secundária Dr. Joaquim de Carvalho', '06', '05', 'PUB');
INSERT INTO `tblEscolas` (`Escola`, `Descr`, `Distrito`, `Concelho`, `PubPriv`) VALUES ('0420', 'Escola Secundária André de Gouveia', '07', '05', 'PUB');
INSERT INTO `tblEscolas` (`Escola`, `Descr`, `Distrito`, `Concelho`, `PubPriv`) VALUES ('0421', 'Escola Secundária João de Deus', '08', '05', 'PUB');
INSERT INTO `tblEscolas` (`Escola`, `Descr`, `Distrito`, `Concelho`, `PubPriv`) VALUES ('0422', 'Escola Secundária Poeta António Aleixo', '08', '11', 'PUB');
INSERT INTO `tblEscolas` (`Escola`, `Descr`, `Distrito`, `Concelho`, `PubPriv`) VALUES ('0423', 'Escola Secundária Pinhal do Rei', '10', '10', 'PUB');
INSERT INTO `tblEscolas` (`Escola`, `Descr`, `Distrito`, `Concelho`, `PubPriv`) VALUES ('0424', 'Escola Secundária Afonso de Albuquerque', '09', '07', 'PUB');
INSERT INTO `tblEscolas` (`Escola`, `Descr`, `Distrito`, `Concelho`, `PubPriv`) VALUES ('0425', 'Escola Secundária Francisco Rodrigues Lobo', '10', '09', 'PUB');
INSERT INTO `tblEscolas` (`Escola`, `Descr`, `Distrito`, `Concelho`, `PubPriv`) VALUES ('0426', 'Escola Secundária da Amadora', '11', '15', 'PUB');
INSERT INTO `tblEscolas` (`Escola`, `Descr`, `Distrito`, `Concelho`, `PubPriv`) VALUES ('0427', 'Escola Secundária de S. João do Estoril', '11', '05', 'PUB');
INSERT INTO `tblEscolas` (`Escola`, `Descr`, `Distrito`, `Concelho`, `PubPriv`) VALUES ('0428', 'Escola Secundária Camões', '11', '06', 'PUB');
INSERT INTO `tblEscolas` (`Escola`, `Descr`, `Distrito`, `Concelho`, `PubPriv`) VALUES ('0429', 'Escola Secundária D. Dinis (Lisboa)', '11', '06', 'PUB');
INSERT INTO `tblEscolas` (`Escola`, `Descr`, `Distrito`, `Concelho`, `PubPriv`) VALUES ('0430', 'Escola Básica e Secundária D. Filipa de Lencastre', '11', '06', 'PUB');
INSERT INTO `tblEscolas` (`Escola`, `Descr`, `Distrito`, `Concelho`, `PubPriv`) VALUES ('0432', 'Escola Secundária D. Pedro V', '11', '06', 'PUB');
INSERT INTO `tblEscolas` (`Escola`, `Descr`, `Distrito`, `Concelho`, `PubPriv`) VALUES ('0433', 'Escola Básica e Secundária Gil Vicente', '11', '06', 'PUB');
INSERT INTO `tblEscolas` (`Escola`, `Descr`, `Distrito`, `Concelho`, `PubPriv`) VALUES ('0434', 'Escola Secundária Maria Amália Vaz de Carvalho', '11', '06', 'PUB');
INSERT INTO `tblEscolas` (`Escola`, `Descr`, `Distrito`, `Concelho`, `PubPriv`) VALUES ('0435', 'Escola Secundária Padre António Vieira', '11', '06', 'PUB');
INSERT INTO `tblEscolas` (`Escola`, `Descr`, `Distrito`, `Concelho`, `PubPriv`) VALUES ('0436', 'Escola Básica e Secundária Passos Manuel', '11', '06', 'PUB');
INSERT INTO `tblEscolas` (`Escola`, `Descr`, `Distrito`, `Concelho`, `PubPriv`) VALUES ('0437', 'Escola Secundária com 3º Ciclo Pedro Nunes', '11', '06', 'PUB');
INSERT INTO `tblEscolas` (`Escola`, `Descr`, `Distrito`, `Concelho`, `PubPriv`) VALUES ('0438', 'Escola Secundária Rainha D. Amélia', '11', '06', 'PUB');
INSERT INTO `tblEscolas` (`Escola`, `Descr`, `Distrito`, `Concelho`, `PubPriv`) VALUES ('0439', 'Escola Secundária Rainha D. Leonor', '11', '06', 'PUB');
INSERT INTO `tblEscolas` (`Escola`, `Descr`, `Distrito`, `Concelho`, `PubPriv`) VALUES ('0440', 'Escola Secundária Sebastião e Silva', '11', '10', 'PUB');
INSERT INTO `tblEscolas` (`Escola`, `Descr`, `Distrito`, `Concelho`, `PubPriv`) VALUES ('0441', 'Escola Secundária Padre Alberto Neto', '11', '11', 'PUB');
INSERT INTO `tblEscolas` (`Escola`, `Descr`, `Distrito`, `Concelho`, `PubPriv`) VALUES ('0442', 'Escola Secundária Santa Maria de Sintra', '11', '11', 'PUB');
INSERT INTO `tblEscolas` (`Escola`, `Descr`, `Distrito`, `Concelho`, `PubPriv`) VALUES ('0443', 'Escola Secundária Madeira Torres', '11', '13', 'PUB');
INSERT INTO `tblEscolas` (`Escola`, `Descr`, `Distrito`, `Concelho`, `PubPriv`) VALUES ('0444', 'Escola Secundária de Figueiró dos Vinhos', '10', '08', 'PUB');
INSERT INTO `tblEscolas` (`Escola`, `Descr`, `Distrito`, `Concelho`, `PubPriv`) VALUES ('0445', 'Escola Secundária Mouzinho da Silveira', '12', '14', 'PUB');
INSERT INTO `tblEscolas` (`Escola`, `Descr`, `Distrito`, `Concelho`, `PubPriv`) VALUES ('0446', 'Escola Secundária Augusto Gomes', '13', '08', 'PUB');
INSERT INTO `tblEscolas` (`Escola`, `Descr`, `Distrito`, `Concelho`, `PubPriv`) VALUES ('0447', 'Escola Secundária de Valbom', '13', '04', 'PUB');
INSERT INTO `tblEscolas` (`Escola`, `Descr`, `Distrito`, `Concelho`, `PubPriv`) VALUES ('0448', 'Escola Secundária Alexandre Herculano', '13', '12', 'PUB');
INSERT INTO `tblEscolas` (`Escola`, `Descr`, `Distrito`, `Concelho`, `PubPriv`) VALUES ('0449', 'Escola Secundária António Nobre', '13', '12', 'PUB');
INSERT INTO `tblEscolas` (`Escola`, `Descr`, `Distrito`, `Concelho`, `PubPriv`) VALUES ('0450', 'Escola Secundária Carolina Michaellis', '13', '12', 'PUB');
INSERT INTO `tblEscolas` (`Escola`, `Descr`, `Distrito`, `Concelho`, `PubPriv`) VALUES ('0451', 'Escola Básica e Secundária Rodrigues de Freitas', '13', '12', 'PUB');
INSERT INTO `tblEscolas` (`Escola`, `Descr`, `Distrito`, `Concelho`, `PubPriv`) VALUES ('0452', 'Escola Secundária Garcia de Orta', '13', '12', 'PUB');
INSERT INTO `tblEscolas` (`Escola`, `Descr`, `Distrito`, `Concelho`, `PubPriv`) VALUES ('0454', 'Escola Secundária Eça de Queirós - Póvoa de Varzim', '13', '13', 'PUB');
INSERT INTO `tblEscolas` (`Escola`, `Descr`, `Distrito`, `Concelho`, `PubPriv`) VALUES ('0455', 'Escola Secundária D. Dinis (Santo Tirso)', '13', '14', 'PUB');
INSERT INTO `tblEscolas` (`Escola`, `Descr`, `Distrito`, `Concelho`, `PubPriv`) VALUES ('0456', 'Escola Secundária de Almeida Garrett', '13', '17', 'PUB');
INSERT INTO `tblEscolas` (`Escola`, `Descr`, `Distrito`, `Concelho`, `PubPriv`) VALUES ('0457', 'Escola Secundária Dr. Manuel Fernandes', '14', '01', 'PUB');
INSERT INTO `tblEscolas` (`Escola`, `Descr`, `Distrito`, `Concelho`, `PubPriv`) VALUES ('0458', 'Escola Secundária Sá da Bandeira', '14', '16', 'PUB');
INSERT INTO `tblEscolas` (`Escola`, `Descr`, `Distrito`, `Concelho`, `PubPriv`) VALUES ('0459', 'Escola Secundária Santa Maria do Olival', '14', '18', 'PUB');
INSERT INTO `tblEscolas` (`Escola`, `Descr`, `Distrito`, `Concelho`, `PubPriv`) VALUES ('0460', 'Escola Secundária Fernão Mendes Pinto', '15', '03', 'PUB');
INSERT INTO `tblEscolas` (`Escola`, `Descr`, `Distrito`, `Concelho`, `PubPriv`) VALUES ('0461', 'Escola Secundária de Casquilhos', '15', '04', 'PUB');
INSERT INTO `tblEscolas` (`Escola`, `Descr`, `Distrito`, `Concelho`, `PubPriv`) VALUES ('0462', 'Escola Secundária Bocage', '15', '12', 'PUB');
INSERT INTO `tblEscolas` (`Escola`, `Descr`, `Distrito`, `Concelho`, `PubPriv`) VALUES ('0463', 'Escola Secundária Santa Maria Maior', '16', '09', 'PUB');
INSERT INTO `tblEscolas` (`Escola`, `Descr`, `Distrito`, `Concelho`, `PubPriv`) VALUES ('0464', 'Escola Secundária Fernão de Magalhães', '17', '03', 'PUB');
INSERT INTO `tblEscolas` (`Escola`, `Descr`, `Distrito`, `Concelho`, `PubPriv`) VALUES ('0465', 'Escola Secundária Camilo Castelo Branco - Vila Real', '17', '14', 'PUB');
INSERT INTO `tblEscolas` (`Escola`, `Descr`, `Distrito`, `Concelho`, `PubPriv`) VALUES ('0466', 'Escola Secundária Latino Coelho', '18', '05', 'PUB');
INSERT INTO `tblEscolas` (`Escola`, `Descr`, `Distrito`, `Concelho`, `PubPriv`) VALUES ('0467', 'Escola Secundária Alves Martins', '18', '23', 'PUB');
INSERT INTO `tblEscolas` (`Escola`, `Descr`, `Distrito`, `Concelho`, `PubPriv`) VALUES ('0468', 'Escola Secundária Miguel Torga (Bragança)', '04', '02', 'PUB');
INSERT INTO `tblEscolas` (`Escola`, `Descr`, `Distrito`, `Concelho`, `PubPriv`) VALUES ('0469', 'Escola Secundária de Gafanha da Nazaré', '01', '10', 'PUB');
INSERT INTO `tblEscolas` (`Escola`, `Descr`, `Distrito`, `Concelho`, `PubPriv`) VALUES ('0470', 'Escola Básica e Secundária de Paredes de Coura', '16', '05', 'PUB');
INSERT INTO `tblEscolas` (`Escola`, `Descr`, `Distrito`, `Concelho`, `PubPriv`) VALUES ('0471', 'Escola Secundária Morgado de Mateus -Vila Real', '17', '14', 'PUB');
INSERT INTO `tblEscolas` (`Escola`, `Descr`, `Distrito`, `Concelho`, `PubPriv`) VALUES ('0472', 'Escola Secundária Dr. António Granjo', '17', '03', 'PUB');
INSERT INTO `tblEscolas` (`Escola`, `Descr`, `Distrito`, `Concelho`, `PubPriv`) VALUES ('0473', 'Escola Secundária da Sertã', '05', '09', 'PUB');
INSERT INTO `tblEscolas` (`Escola`, `Descr`, `Distrito`, `Concelho`, `PubPriv`) VALUES ('0474', 'Escola Secundária Cristina Torres', '06', '05', 'PUB');
INSERT INTO `tblEscolas` (`Escola`, `Descr`, `Distrito`, `Concelho`, `PubPriv`) VALUES ('0475', 'Escola Secundária D. Dinis', '06', '03', 'PUB');
INSERT INTO `tblEscolas` (`Escola`, `Descr`, `Distrito`, `Concelho`, `PubPriv`) VALUES ('0477', 'Escola Secundária do Forte da Casa', '11', '14', 'PUB');
INSERT INTO `tblEscolas` (`Escola`, `Descr`, `Distrito`, `Concelho`, `PubPriv`) VALUES ('0478', 'Escola Básica e Secundária de Alvide', '11', '05', 'PUB');
INSERT INTO `tblEscolas` (`Escola`, `Descr`, `Distrito`, `Concelho`, `PubPriv`) VALUES ('0479', 'Escola Secundária de S. João da Talha', '11', '07', 'PUB');
INSERT INTO `tblEscolas` (`Escola`, `Descr`, `Distrito`, `Concelho`, `PubPriv`) VALUES ('0480', 'Escola Secundária Braancamp Freire - Pontinha', '11', '16', 'PUB');
INSERT INTO `tblEscolas` (`Escola`, `Descr`, `Distrito`, `Concelho`, `PubPriv`) VALUES ('0481', 'Escola Secundária Leal da Câmara', '11', '11', 'PUB');
INSERT INTO `tblEscolas` (`Escola`, `Descr`, `Distrito`, `Concelho`, `PubPriv`) VALUES ('0482', 'Escola Secundária Abel Salazar', '13', '08', 'PUB');
INSERT INTO `tblEscolas` (`Escola`, `Descr`, `Distrito`, `Concelho`, `PubPriv`) VALUES ('0483', 'Escola Básica e Secundária Dr. Bento da Cruz - Montalegre', '17', '06', 'PUB');
INSERT INTO `tblEscolas` (`Escola`, `Descr`, `Distrito`, `Concelho`, `PubPriv`) VALUES ('0484', 'Escola Secundária de Vila Verde', '03', '13', 'PUB');
INSERT INTO `tblEscolas` (`Escola`, `Descr`, `Distrito`, `Concelho`, `PubPriv`) VALUES ('0485', 'Escola Secundária de Maximinos', '03', '03', 'PUB');
INSERT INTO `tblEscolas` (`Escola`, `Descr`, `Distrito`, `Concelho`, `PubPriv`) VALUES ('0486', 'Escola Secundária Pedro Alexandrino', '11', '16', 'PUB');
INSERT INTO `tblEscolas` (`Escola`, `Descr`, `Distrito`, `Concelho`, `PubPriv`) VALUES ('0487', 'Escola Básica e Secundária de Alcains', '05', '02', 'PUB');
INSERT INTO `tblEscolas` (`Escola`, `Descr`, `Distrito`, `Concelho`, `PubPriv`) VALUES ('0488', 'Escola Secundária de Sabugal', '09', '11', 'PUB');
INSERT INTO `tblEscolas` (`Escola`, `Descr`, `Distrito`, `Concelho`, `PubPriv`) VALUES ('0490', 'Escola Secundária João de Barros', '15', '10', 'PUB');
INSERT INTO `tblEscolas` (`Escola`, `Descr`, `Distrito`, `Concelho`, `PubPriv`) VALUES ('0491', 'Escola Básica e Secundária Aquilino Ribeiro', '11', '10', 'PUB');
INSERT INTO `tblEscolas` (`Escola`, `Descr`, `Distrito`, `Concelho`, `PubPriv`) VALUES ('0492', 'Escola Secundária Dr. João Lopes de Morais - Mortágua', '18', '08', 'PUB');
INSERT INTO `tblEscolas` (`Escola`, `Descr`, `Distrito`, `Concelho`, `PubPriv`) VALUES ('0493', 'Escola Básica e Secundária de Águas Santas', '13', '06', 'PUB');
INSERT INTO `tblEscolas` (`Escola`, `Descr`, `Distrito`, `Concelho`, `PubPriv`) VALUES ('0494', 'Escola Secundária de Barcelinhos', '03', '02', 'PUB');
INSERT INTO `tblEscolas` (`Escola`, `Descr`, `Distrito`, `Concelho`, `PubPriv`) VALUES ('0495', 'Escola Secundária Marquesa de Alorna (Almeirim)', '14', '03', 'PUB');
INSERT INTO `tblEscolas` (`Escola`, `Descr`, `Distrito`, `Concelho`, `PubPriv`) VALUES ('0512', 'Escola Secundária de Camarate', '11', '07', 'PUB');
INSERT INTO `tblEscolas` (`Escola`, `Descr`, `Distrito`, `Concelho`, `PubPriv`) VALUES ('0557', 'Escola Básica e Secundária Henrique Sommer - Maceira', '10', '09', 'PUB');
INSERT INTO `tblEscolas` (`Escola`, `Descr`, `Distrito`, `Concelho`, `PubPriv`) VALUES ('0578', 'Escola Básica e Secundária de Barroselas', '16', '09', 'PUB');
INSERT INTO `tblEscolas` (`Escola`, `Descr`, `Distrito`, `Concelho`, `PubPriv`) VALUES ('0580', 'Escola Básica e Secundária Monte da Ola', '16', '09', 'PUB');
INSERT INTO `tblEscolas` (`Escola`, `Descr`, `Distrito`, `Concelho`, `PubPriv`) VALUES ('0600', 'Escola Secundária de Miraflores', '11', '10', 'PUB');
INSERT INTO `tblEscolas` (`Escola`, `Descr`, `Distrito`, `Concelho`, `PubPriv`) VALUES ('0601', 'Escola Secundária Artur Gonçalves', '14', '19', 'PUB');
INSERT INTO `tblEscolas` (`Escola`, `Descr`, `Distrito`, `Concelho`, `PubPriv`) VALUES ('0602', 'Escola Secundária Dr. Mário Sacramento', '01', '05', 'PUB');
INSERT INTO `tblEscolas` (`Escola`, `Descr`, `Distrito`, `Concelho`, `PubPriv`) VALUES ('0603', 'Escola Secundária Dr. Manuel Gomes de Almeida', '01', '07', 'PUB');
INSERT INTO `tblEscolas` (`Escola`, `Descr`, `Distrito`, `Concelho`, `PubPriv`) VALUES ('0604', 'Escola Básica e Secundária Coelho e Castro', '01', '09', 'PUB');
INSERT INTO `tblEscolas` (`Escola`, `Descr`, `Distrito`, `Concelho`, `PubPriv`) VALUES ('0605', 'Escola Secundária Soares Basto - Oliveira de Azeméis', '01', '13', 'PUB');
INSERT INTO `tblEscolas` (`Escola`, `Descr`, `Distrito`, `Concelho`, `PubPriv`) VALUES ('0606', 'Escola Secundária Dr. José Macedo Fragateiro', '01', '15', 'PUB');
INSERT INTO `tblEscolas` (`Escola`, `Descr`, `Distrito`, `Concelho`, `PubPriv`) VALUES ('0607', 'Escola Básica e Secundária Dr. Serafim Leite', '01', '16', 'PUB');
INSERT INTO `tblEscolas` (`Escola`, `Descr`, `Distrito`, `Concelho`, `PubPriv`) VALUES ('0608', 'Escola Secundária D. Manuel I - Beja', '02', '05', 'PUB');
INSERT INTO `tblEscolas` (`Escola`, `Descr`, `Distrito`, `Concelho`, `PubPriv`) VALUES ('0609', 'Escola Secundária de Serpa', '02', '13', 'PUB');
INSERT INTO `tblEscolas` (`Escola`, `Descr`, `Distrito`, `Concelho`, `PubPriv`) VALUES ('0610', 'Escola Secundária Alcaides de Faria - Arcozelo', '03', '02', 'PUB');
INSERT INTO `tblEscolas` (`Escola`, `Descr`, `Distrito`, `Concelho`, `PubPriv`) VALUES ('0611', 'Escola Secundária Alberto Sampaio', '03', '03', 'PUB');
INSERT INTO `tblEscolas` (`Escola`, `Descr`, `Distrito`, `Concelho`, `PubPriv`) VALUES ('0612', 'Escola Secundária Carlos Amarante', '03', '03', 'PUB');
INSERT INTO `tblEscolas` (`Escola`, `Descr`, `Distrito`, `Concelho`, `PubPriv`) VALUES ('0613', 'Escola Secundária Francisco de Holanda', '03', '08', 'PUB');
INSERT INTO `tblEscolas` (`Escola`, `Descr`, `Distrito`, `Concelho`, `PubPriv`) VALUES ('0614', 'Escola Secundária D. Sancho I', '03', '12', 'PUB');
INSERT INTO `tblEscolas` (`Escola`, `Descr`, `Distrito`, `Concelho`, `PubPriv`) VALUES ('0615', 'Escola Secundária Abade de Baçal', '04', '02', 'PUB');
INSERT INTO `tblEscolas` (`Escola`, `Descr`, `Distrito`, `Concelho`, `PubPriv`) VALUES ('0616', 'Escola Secundária Amato Lusitano', '05', '02', 'PUB');
INSERT INTO `tblEscolas` (`Escola`, `Descr`, `Distrito`, `Concelho`, `PubPriv`) VALUES ('0617', 'Escola Secundária Campos de Melo', '05', '03', 'PUB');
INSERT INTO `tblEscolas` (`Escola`, `Descr`, `Distrito`, `Concelho`, `PubPriv`) VALUES ('0618', 'Escola Secundária Avelar Brotero', '06', '03', 'PUB');
INSERT INTO `tblEscolas` (`Escola`, `Descr`, `Distrito`, `Concelho`, `PubPriv`) VALUES ('0619', 'Escola Secundária Jaime Cortesão', '06', '03', 'PUB');
INSERT INTO `tblEscolas` (`Escola`, `Descr`, `Distrito`, `Concelho`, `PubPriv`) VALUES ('0620', 'Escola Secundária Dr. Bernardino Machado', '06', '05', 'PUB');
INSERT INTO `tblEscolas` (`Escola`, `Descr`, `Distrito`, `Concelho`, `PubPriv`) VALUES ('0621', 'Escola Secundária Gabriel Pereira', '07', '05', 'PUB');
INSERT INTO `tblEscolas` (`Escola`, `Descr`, `Distrito`, `Concelho`, `PubPriv`) VALUES ('0622', 'Escola Secundária Tomás Cabreira - Faro', '08', '05', 'PUB');
INSERT INTO `tblEscolas` (`Escola`, `Descr`, `Distrito`, `Concelho`, `PubPriv`) VALUES ('0623', 'Escola Secundária Manuel Teixeira Gomes-Portimão', '08', '11', 'PUB');
INSERT INTO `tblEscolas` (`Escola`, `Descr`, `Distrito`, `Concelho`, `PubPriv`) VALUES ('0624', 'Escola Secundária de Albufeira', '08', '01', 'PUB');
INSERT INTO `tblEscolas` (`Escola`, `Descr`, `Distrito`, `Concelho`, `PubPriv`) VALUES ('0625', 'Escola Secundária da Sé - Guarda', '09', '07', 'PUB');
INSERT INTO `tblEscolas` (`Escola`, `Descr`, `Distrito`, `Concelho`, `PubPriv`) VALUES ('0626', 'Escola Secundária Rafael Bordalo Pinheiro', '10', '06', 'PUB');
INSERT INTO `tblEscolas` (`Escola`, `Descr`, `Distrito`, `Concelho`, `PubPriv`) VALUES ('0627', 'Escola Secundária Domingos Sequeira', '10', '09', 'PUB');
INSERT INTO `tblEscolas` (`Escola`, `Descr`, `Distrito`, `Concelho`, `PubPriv`) VALUES ('0628', 'Escola Secundária de Peniche', '10', '14', 'PUB');
INSERT INTO `tblEscolas` (`Escola`, `Descr`, `Distrito`, `Concelho`, `PubPriv`) VALUES ('0629', 'Escola Secundária Gago Coutinho', '11', '14', 'PUB');
INSERT INTO `tblEscolas` (`Escola`, `Descr`, `Distrito`, `Concelho`, `PubPriv`) VALUES ('0630', 'Escola Secundária António Arroio', '11', '06', 'PUB');
INSERT INTO `tblEscolas` (`Escola`, `Descr`, `Distrito`, `Concelho`, `PubPriv`) VALUES ('0636', 'Escola Secundária Fonseca Benevides', '11', '06', 'PUB');
INSERT INTO `tblEscolas` (`Escola`, `Descr`, `Distrito`, `Concelho`, `PubPriv`) VALUES ('0637', 'Escola Secundária Marquês de Pombal', '11', '06', 'PUB');
INSERT INTO `tblEscolas` (`Escola`, `Descr`, `Distrito`, `Concelho`, `PubPriv`) VALUES ('0639', 'Escola Secundária D. Luísa de Gusmão', '11', '06', 'PUB');
INSERT INTO `tblEscolas` (`Escola`, `Descr`, `Distrito`, `Concelho`, `PubPriv`) VALUES ('0640', 'Escola Básica e Secundária Josefa de Óbidos', '11', '06', 'PUB');
INSERT INTO `tblEscolas` (`Escola`, `Descr`, `Distrito`, `Concelho`, `PubPriv`) VALUES ('0642', 'Escola Secundária Gama Barros', '11', '11', 'PUB');
INSERT INTO `tblEscolas` (`Escola`, `Descr`, `Distrito`, `Concelho`, `PubPriv`) VALUES ('0643', 'Escola Secundária Ferreira Dias', '11', '11', 'PUB');
INSERT INTO `tblEscolas` (`Escola`, `Descr`, `Distrito`, `Concelho`, `PubPriv`) VALUES ('0644', 'Escola Secundária Henriques Nogueira', '11', '13', 'PUB');
INSERT INTO `tblEscolas` (`Escola`, `Descr`, `Distrito`, `Concelho`, `PubPriv`) VALUES ('0645', 'Escola Secundária Alves Redol', '11', '14', 'PUB');
INSERT INTO `tblEscolas` (`Escola`, `Descr`, `Distrito`, `Concelho`, `PubPriv`) VALUES ('0647', 'Escola Secundária de S. Lourenço', '12', '14', 'PUB');
INSERT INTO `tblEscolas` (`Escola`, `Descr`, `Distrito`, `Concelho`, `PubPriv`) VALUES ('0648', 'Escola Secundária de Gondomar', '13', '04', 'PUB');
INSERT INTO `tblEscolas` (`Escola`, `Descr`, `Distrito`, `Concelho`, `PubPriv`) VALUES ('0649', 'Escola Secundária João Gonçalves Zarco', '13', '08', 'PUB');
INSERT INTO `tblEscolas` (`Escola`, `Descr`, `Distrito`, `Concelho`, `PubPriv`) VALUES ('0650', 'Escola Básica e Secundária de Santo António', '15', '04', 'PUB');
INSERT INTO `tblEscolas` (`Escola`, `Descr`, `Distrito`, `Concelho`, `PubPriv`) VALUES ('0651', 'Escola Secundária Soares dos Reis', '13', '12', 'PUB');
INSERT INTO `tblEscolas` (`Escola`, `Descr`, `Distrito`, `Concelho`, `PubPriv`) VALUES ('0652', 'Escola Secundária Filipa de Vilhena', '13', '12', 'PUB');
INSERT INTO `tblEscolas` (`Escola`, `Descr`, `Distrito`, `Concelho`, `PubPriv`) VALUES ('0654', 'Escola Secundária Aurélia de Sousa', '13', '12', 'PUB');
INSERT INTO `tblEscolas` (`Escola`, `Descr`, `Distrito`, `Concelho`, `PubPriv`) VALUES ('0655', 'Escola Secundária Fontes Pereira de Melo', '13', '12', 'PUB');
INSERT INTO `tblEscolas` (`Escola`, `Descr`, `Distrito`, `Concelho`, `PubPriv`) VALUES ('0656', 'Escola Secundária Infante D. Henrique', '13', '12', 'PUB');
INSERT INTO `tblEscolas` (`Escola`, `Descr`, `Distrito`, `Concelho`, `PubPriv`) VALUES ('0657', 'Escola Básica e Secundária Clara de Resende', '13', '12', 'PUB');
INSERT INTO `tblEscolas` (`Escola`, `Descr`, `Distrito`, `Concelho`, `PubPriv`) VALUES ('0658', 'Escola Secundária Rocha Peixoto', '13', '13', 'PUB');
INSERT INTO `tblEscolas` (`Escola`, `Descr`, `Distrito`, `Concelho`, `PubPriv`) VALUES ('0659', 'Escola Secundária Tomaz Pelayo', '13', '14', 'PUB');
INSERT INTO `tblEscolas` (`Escola`, `Descr`, `Distrito`, `Concelho`, `PubPriv`) VALUES ('0661', 'Escola Secundária António Sérgio', '13', '17', 'PUB');
INSERT INTO `tblEscolas` (`Escola`, `Descr`, `Distrito`, `Concelho`, `PubPriv`) VALUES ('0662', 'Escola Secundária Dr. Solano de Abreu', '14', '01', 'PUB');
INSERT INTO `tblEscolas` (`Escola`, `Descr`, `Distrito`, `Concelho`, `PubPriv`) VALUES ('0663', 'Escola Secundária Dr. Ginestal Machado', '14', '16', 'PUB');
INSERT INTO `tblEscolas` (`Escola`, `Descr`, `Distrito`, `Concelho`, `PubPriv`) VALUES ('0664', 'Escola Secundária Jácome Ratton', '14', '18', 'PUB');
INSERT INTO `tblEscolas` (`Escola`, `Descr`, `Distrito`, `Concelho`, `PubPriv`) VALUES ('0665', 'Escola Básica e Secundária Anselmo de Andrade', '15', '03', 'PUB');
INSERT INTO `tblEscolas` (`Escola`, `Descr`, `Distrito`, `Concelho`, `PubPriv`) VALUES ('0666', 'Escola Secundária Emídio Navarro (Almada)', '15', '03', 'PUB');
INSERT INTO `tblEscolas` (`Escola`, `Descr`, `Distrito`, `Concelho`, `PubPriv`) VALUES ('0667', 'Escola Básica e Secundária Alfredo da Silva', '15', '04', 'PUB');
INSERT INTO `tblEscolas` (`Escola`, `Descr`, `Distrito`, `Concelho`, `PubPriv`) VALUES ('0668', 'Escola Secundária José Afonso', '15', '10', 'PUB');
INSERT INTO `tblEscolas` (`Escola`, `Descr`, `Distrito`, `Concelho`, `PubPriv`) VALUES ('0669', 'Escola Secundária Sebastião da Gama', '15', '12', 'PUB');
INSERT INTO `tblEscolas` (`Escola`, `Descr`, `Distrito`, `Concelho`, `PubPriv`) VALUES ('0670', 'Escola Secundária de Ponte de Lima', '16', '07', 'PUB');
INSERT INTO `tblEscolas` (`Escola`, `Descr`, `Distrito`, `Concelho`, `PubPriv`) VALUES ('0671', 'Escola Secundária de Monserrate', '16', '09', 'PUB');
INSERT INTO `tblEscolas` (`Escola`, `Descr`, `Distrito`, `Concelho`, `PubPriv`) VALUES ('0672', 'Escola Secundária Dr. Júlio Martins', '17', '03', 'PUB');
INSERT INTO `tblEscolas` (`Escola`, `Descr`, `Distrito`, `Concelho`, `PubPriv`) VALUES ('0673', 'Escola Secundária de S. Pedro', '17', '14', 'PUB');
INSERT INTO `tblEscolas` (`Escola`, `Descr`, `Distrito`, `Concelho`, `PubPriv`) VALUES ('0674', 'Escola Secundária Daniel Sampaio', '15', '03', 'PUB');
INSERT INTO `tblEscolas` (`Escola`, `Descr`, `Distrito`, `Concelho`, `PubPriv`) VALUES ('0675', 'Escola Básica e Secundária da Sé - Lamego', '18', '05', 'PUB');
INSERT INTO `tblEscolas` (`Escola`, `Descr`, `Distrito`, `Concelho`, `PubPriv`) VALUES ('0676', 'Escola Secundária Emídio Navarro - Viseu', '18', '23', 'PUB');
INSERT INTO `tblEscolas` (`Escola`, `Descr`, `Distrito`, `Concelho`, `PubPriv`) VALUES ('0677', 'Escola Secundária de Caneças', '11', '16', 'PUB');
INSERT INTO `tblEscolas` (`Escola`, `Descr`, `Distrito`, `Concelho`, `PubPriv`) VALUES ('0678', 'Escola Secundária Vergílio Ferreira', '11', '06', 'PUB');
INSERT INTO `tblEscolas` (`Escola`, `Descr`, `Distrito`, `Concelho`, `PubPriv`) VALUES ('0679', 'Escola Secundária de Lousada', '13', '05', 'PUB');
INSERT INTO `tblEscolas` (`Escola`, `Descr`, `Distrito`, `Concelho`, `PubPriv`) VALUES ('0680', 'Escola Secundária da Boa Nova - Leça da Palmeira', '13', '08', 'PUB');
INSERT INTO `tblEscolas` (`Escola`, `Descr`, `Distrito`, `Concelho`, `PubPriv`) VALUES ('0681', 'Escola Básica e Secundária Quinta das Flores', '06', '03', 'PUB');
INSERT INTO `tblEscolas` (`Escola`, `Descr`, `Distrito`, `Concelho`, `PubPriv`) VALUES ('0682', 'Escola Básica e Secundária D. Afonso III - Vinhais', '04', '12', 'PUB');
INSERT INTO `tblEscolas` (`Escola`, `Descr`, `Distrito`, `Concelho`, `PubPriv`) VALUES ('0683', 'Escola Secundária Prof. Dr. Flávio F. Pinto Resende', '18', '04', 'PUB');
INSERT INTO `tblEscolas` (`Escola`, `Descr`, `Distrito`, `Concelho`, `PubPriv`) VALUES ('0684', 'Escola Secundária José Cardoso Pires', '11', '07', 'PUB');
INSERT INTO `tblEscolas` (`Escola`, `Descr`, `Distrito`, `Concelho`, `PubPriv`) VALUES ('0685', 'Escola Secundária Viriato', '18', '23', 'PUB');
INSERT INTO `tblEscolas` (`Escola`, `Descr`, `Distrito`, `Concelho`, `PubPriv`) VALUES ('0687', 'Escola Básica e Secundária de Vila Flor', '04', '10', 'PUB');
INSERT INTO `tblEscolas` (`Escola`, `Descr`, `Distrito`, `Concelho`, `PubPriv`) VALUES ('0690', 'Escola Secundária António Damásio', '11', '06', 'PUB');
INSERT INTO `tblEscolas` (`Escola`, `Descr`, `Distrito`, `Concelho`, `PubPriv`) VALUES ('0692', 'Escola Secundária de Amares', '03', '01', 'PUB');
INSERT INTO `tblEscolas` (`Escola`, `Descr`, `Distrito`, `Concelho`, `PubPriv`) VALUES ('0693', 'Escola Secundária Augusto Cabrita - Alto do Seixalinho', '15', '04', 'PUB');
INSERT INTO `tblEscolas` (`Escola`, `Descr`, `Distrito`, `Concelho`, `PubPriv`) VALUES ('0695', 'Escola Básica e Secundária Mães de Água (Falagueira)', '11', '15', 'PUB');
INSERT INTO `tblEscolas` (`Escola`, `Descr`, `Distrito`, `Concelho`, `PubPriv`) VALUES ('0696', 'Escola Secundária de Castro Verde', '02', '06', 'PUB');
INSERT INTO `tblEscolas` (`Escola`, `Descr`, `Distrito`, `Concelho`, `PubPriv`) VALUES ('0697', 'Escola Secundária Poeta Joaquim Serra', '15', '07', 'PUB');
INSERT INTO `tblEscolas` (`Escola`, `Descr`, `Distrito`, `Concelho`, `PubPriv`) VALUES ('0698', 'Escola Secundária do Pinhal Novo', '15', '08', 'PUB');
INSERT INTO `tblEscolas` (`Escola`, `Descr`, `Distrito`, `Concelho`, `PubPriv`) VALUES ('0699', 'Escola Secundária Padre Antº Martins Oliveira-Lagoa', '08', '06', 'PUB');
INSERT INTO `tblEscolas` (`Escola`, `Descr`, `Distrito`, `Concelho`, `PubPriv`) VALUES ('0700', 'Escola Básica e Secundária Pintor José de Brito', '16', '09', 'PUB');
INSERT INTO `tblEscolas` (`Escola`, `Descr`, `Distrito`, `Concelho`, `PubPriv`) VALUES ('0703', 'Escola Básica e Secundária de Baixo Barroso', '17', '06', 'PUB');
INSERT INTO `tblEscolas` (`Escola`, `Descr`, `Distrito`, `Concelho`, `PubPriv`) VALUES ('0724', 'Escola Básica e Secundária de Arcozelo', '16', '07', 'PUB');
INSERT INTO `tblEscolas` (`Escola`, `Descr`, `Distrito`, `Concelho`, `PubPriv`) VALUES ('0749', 'Escola Básica e Secundária Arga e Lima - Lanheses', '16', '09', 'PUB');
INSERT INTO `tblEscolas` (`Escola`, `Descr`, `Distrito`, `Concelho`, `PubPriv`) VALUES ('0753', 'Escola Secundária de Salvaterra de Magos', '14', '15', 'PUB');
INSERT INTO `tblEscolas` (`Escola`, `Descr`, `Distrito`, `Concelho`, `PubPriv`) VALUES ('0770', 'Escola Básica e Secundária de S. Sebastião de Mértola', '02', '09', 'PUB');
INSERT INTO `tblEscolas` (`Escola`, `Descr`, `Distrito`, `Concelho`, `PubPriv`) VALUES ('0782', 'Escola Secundária Poeta Al Berto', '15', '13', 'PUB');
INSERT INTO `tblEscolas` (`Escola`, `Descr`, `Distrito`, `Concelho`, `PubPriv`) VALUES ('0790', 'Escola Básica e Secundária de Vilar Formoso', '09', '02', 'PUB');
INSERT INTO `tblEscolas` (`Escola`, `Descr`, `Distrito`, `Concelho`, `PubPriv`) VALUES ('0791', 'Escola Secundária Joaquim Araújo', '13', '11', 'PUB');
INSERT INTO `tblEscolas` (`Escola`, `Descr`, `Distrito`, `Concelho`, `PubPriv`) VALUES ('0792', 'Escola Artística Conservatório Nacional de Música', '11', '06', 'PUB');
INSERT INTO `tblEscolas` (`Escola`, `Descr`, `Distrito`, `Concelho`, `PubPriv`) VALUES ('0793', 'Escola de Dança do Conservatório Nacional de Lisboa', '11', '06', 'PUB');
INSERT INTO `tblEscolas` (`Escola`, `Descr`, `Distrito`, `Concelho`, `PubPriv`) VALUES ('0794', 'Escola Secundária D. Afonso Henriques', '13', '14', 'PUB');
INSERT INTO `tblEscolas` (`Escola`, `Descr`, `Distrito`, `Concelho`, `PubPriv`) VALUES ('0795', 'Escola Secundária de José Belchior Viegas', '08', '12', 'PUB');
INSERT INTO `tblEscolas` (`Escola`, `Descr`, `Distrito`, `Concelho`, `PubPriv`) VALUES ('0797', 'Escola Secundária da Póvoa do Lanhoso', '03', '09', 'PUB');
INSERT INTO `tblEscolas` (`Escola`, `Descr`, `Distrito`, `Concelho`, `PubPriv`) VALUES ('0798', 'Escola Secundária de Aljustrel', '02', '01', 'PUB');
INSERT INTO `tblEscolas` (`Escola`, `Descr`, `Distrito`, `Concelho`, `PubPriv`) VALUES ('0799', 'Escola Secundária de Pinheiro e Rosa', '08', '05', 'PUB');
INSERT INTO `tblEscolas` (`Escola`, `Descr`, `Distrito`, `Concelho`, `PubPriv`) VALUES ('0800', 'Escola Secundária D. Egas Moniz', '18', '13', 'PUB');
INSERT INTO `tblEscolas` (`Escola`, `Descr`, `Distrito`, `Concelho`, `PubPriv`) VALUES ('0801', 'Escola Secundária Marques de Castilho', '01', '01', 'PUB');
INSERT INTO `tblEscolas` (`Escola`, `Descr`, `Distrito`, `Concelho`, `PubPriv`) VALUES ('0802', 'Escola Secundária de Albergaria-a-Velha', '01', '02', 'PUB');
INSERT INTO `tblEscolas` (`Escola`, `Descr`, `Distrito`, `Concelho`, `PubPriv`) VALUES ('0803', 'Escola Básica e Secundária de Anadia', '01', '03', 'PUB');
INSERT INTO `tblEscolas` (`Escola`, `Descr`, `Distrito`, `Concelho`, `PubPriv`) VALUES ('0804', 'Escola Secundária de Arouca', '01', '04', 'PUB');
INSERT INTO `tblEscolas` (`Escola`, `Descr`, `Distrito`, `Concelho`, `PubPriv`) VALUES ('0805', 'Escola Secundária Homem Cristo', '01', '05', 'PUB');
INSERT INTO `tblEscolas` (`Escola`, `Descr`, `Distrito`, `Concelho`, `PubPriv`) VALUES ('0806', 'Escola Básica e Secundária de Castelo de Paiva', '01', '06', 'PUB');
INSERT INTO `tblEscolas` (`Escola`, `Descr`, `Distrito`, `Concelho`, `PubPriv`) VALUES ('0807', 'Escola Secundária de Estarreja', '01', '08', 'PUB');
INSERT INTO `tblEscolas` (`Escola`, `Descr`, `Distrito`, `Concelho`, `PubPriv`) VALUES ('0808', 'Escola Secundária Dr. João Carlos Celestino Gomes', '01', '10', 'PUB');
INSERT INTO `tblEscolas` (`Escola`, `Descr`, `Distrito`, `Concelho`, `PubPriv`) VALUES ('0809', 'Escola Secundária da Mealhada', '01', '11', 'PUB');
INSERT INTO `tblEscolas` (`Escola`, `Descr`, `Distrito`, `Concelho`, `PubPriv`) VALUES ('0810', 'Escola Secundária de Oliveira do Bairro', '01', '14', 'PUB');
INSERT INTO `tblEscolas` (`Escola`, `Descr`, `Distrito`, `Concelho`, `PubPriv`) VALUES ('0811', 'Escola Básica e Secundária de Sever do Vouga', '01', '17', 'PUB');
INSERT INTO `tblEscolas` (`Escola`, `Descr`, `Distrito`, `Concelho`, `PubPriv`) VALUES ('0812', 'Escola Secundária de Vagos', '01', '18', 'PUB');
INSERT INTO `tblEscolas` (`Escola`, `Descr`, `Distrito`, `Concelho`, `PubPriv`) VALUES ('0813', 'Escola Básica e Secundária de Búzio - Vale de Cambra', '01', '19', 'PUB');
INSERT INTO `tblEscolas` (`Escola`, `Descr`, `Distrito`, `Concelho`, `PubPriv`) VALUES ('0814', 'Escola Secundária de Santa Maria da Feira', '01', '09', 'PUB');
INSERT INTO `tblEscolas` (`Escola`, `Descr`, `Distrito`, `Concelho`, `PubPriv`) VALUES ('0815', 'Escola Secundária de Moura', '02', '10', 'PUB');
INSERT INTO `tblEscolas` (`Escola`, `Descr`, `Distrito`, `Concelho`, `PubPriv`) VALUES ('0816', 'Escola Secundária de Fafe', '03', '07', 'PUB');
INSERT INTO `tblEscolas` (`Escola`, `Descr`, `Distrito`, `Concelho`, `PubPriv`) VALUES ('0818', 'Escola Básica e Secundária Santos Simões', '03', '08', 'PUB');
INSERT INTO `tblEscolas` (`Escola`, `Descr`, `Distrito`, `Concelho`, `PubPriv`) VALUES ('0819', 'Escola Básica e Secundária de Macedo de Cavaleiros', '04', '05', 'PUB');
INSERT INTO `tblEscolas` (`Escola`, `Descr`, `Distrito`, `Concelho`, `PubPriv`) VALUES ('0820', 'Escola Básica e Secundária de Miranda do Douro', '04', '06', 'PUB');
INSERT INTO `tblEscolas` (`Escola`, `Descr`, `Distrito`, `Concelho`, `PubPriv`) VALUES ('0821', 'Escola Secundária de Mirandela', '04', '07', 'PUB');
INSERT INTO `tblEscolas` (`Escola`, `Descr`, `Distrito`, `Concelho`, `PubPriv`) VALUES ('0822', 'Escola Básica e Secundária de Mogadouro', '04', '08', 'PUB');
INSERT INTO `tblEscolas` (`Escola`, `Descr`, `Distrito`, `Concelho`, `PubPriv`) VALUES ('0823', 'Escola Básica e Secundária Visconde de Vila Maior - Torre Moncorvo', '04', '09', 'PUB');
INSERT INTO `tblEscolas` (`Escola`, `Descr`, `Distrito`, `Concelho`, `PubPriv`) VALUES ('0825', 'Escola Secundária do Fundão', '05', '04', 'PUB');
INSERT INTO `tblEscolas` (`Escola`, `Descr`, `Distrito`, `Concelho`, `PubPriv`) VALUES ('0827', 'Escola Secundária Cacilhas - Tejo', '15', '03', 'PUB');
INSERT INTO `tblEscolas` (`Escola`, `Descr`, `Distrito`, `Concelho`, `PubPriv`) VALUES ('0828', 'Escola Secundária Stuart Carvalhais', '11', '11', 'PUB');
INSERT INTO `tblEscolas` (`Escola`, `Descr`, `Distrito`, `Concelho`, `PubPriv`) VALUES ('0829', 'Escola Secundária de Arganil', '06', '01', 'PUB');
INSERT INTO `tblEscolas` (`Escola`, `Descr`, `Distrito`, `Concelho`, `PubPriv`) VALUES ('0830', 'Escola Secundária de Cantanhede', '06', '02', 'PUB');
INSERT INTO `tblEscolas` (`Escola`, `Descr`, `Distrito`, `Concelho`, `PubPriv`) VALUES ('0831', 'Escola Secundária da Lousã', '06', '07', 'PUB');
INSERT INTO `tblEscolas` (`Escola`, `Descr`, `Distrito`, `Concelho`, `PubPriv`) VALUES ('0832', 'Escola Secundária Dr.ª Maria Cândida', '06', '08', 'PUB');
INSERT INTO `tblEscolas` (`Escola`, `Descr`, `Distrito`, `Concelho`, `PubPriv`) VALUES ('0833', 'Escola Secundária de Montemor-o-Velho', '06', '10', 'PUB');
INSERT INTO `tblEscolas` (`Escola`, `Descr`, `Distrito`, `Concelho`, `PubPriv`) VALUES ('0834', 'Escola Secundária de Oliveira do Hospital', '06', '11', 'PUB');
INSERT INTO `tblEscolas` (`Escola`, `Descr`, `Distrito`, `Concelho`, `PubPriv`) VALUES ('0835', 'Escola Básica e Secundária de Penacova', '06', '13', 'PUB');
INSERT INTO `tblEscolas` (`Escola`, `Descr`, `Distrito`, `Concelho`, `PubPriv`) VALUES ('0836', 'Escola Básica e Secundária Martinho Árias - Soure', '06', '15', 'PUB');
INSERT INTO `tblEscolas` (`Escola`, `Descr`, `Distrito`, `Concelho`, `PubPriv`) VALUES ('0837', 'Escola Secundária de Tábua', '06', '16', 'PUB');
INSERT INTO `tblEscolas` (`Escola`, `Descr`, `Distrito`, `Concelho`, `PubPriv`) VALUES ('0838', 'Escola Secundária Rainha Santa Isabel - Estremoz', '07', '04', 'PUB');
INSERT INTO `tblEscolas` (`Escola`, `Descr`, `Distrito`, `Concelho`, `PubPriv`) VALUES ('0839', 'Escola Secundária de Severim de Faria', '07', '05', 'PUB');
INSERT INTO `tblEscolas` (`Escola`, `Descr`, `Distrito`, `Concelho`, `PubPriv`) VALUES ('0840', 'Escola Secundária de Montemor-o-Novo', '07', '06', 'PUB');
INSERT INTO `tblEscolas` (`Escola`, `Descr`, `Distrito`, `Concelho`, `PubPriv`) VALUES ('0841', 'Escola Secundária Matias Aires (Mira-Sintra)', '11', '11', 'PUB');
INSERT INTO `tblEscolas` (`Escola`, `Descr`, `Distrito`, `Concelho`, `PubPriv`) VALUES ('0842', 'Escola Secundária Conde de Monsaraz', '07', '11', 'PUB');
INSERT INTO `tblEscolas` (`Escola`, `Descr`, `Distrito`, `Concelho`, `PubPriv`) VALUES ('0843', 'Escola Secundária de Vendas Novas', '07', '12', 'PUB');
INSERT INTO `tblEscolas` (`Escola`, `Descr`, `Distrito`, `Concelho`, `PubPriv`) VALUES ('0844', 'Escola Secundária Públia Hortênsia de Castro - Vila Viçosa', '07', '14', 'PUB');
INSERT INTO `tblEscolas` (`Escola`, `Descr`, `Distrito`, `Concelho`, `PubPriv`) VALUES ('0845', 'Escola Secundária Gil Eanes-Lagos', '08', '07', 'PUB');
INSERT INTO `tblEscolas` (`Escola`, `Descr`, `Distrito`, `Concelho`, `PubPriv`) VALUES ('0846', 'Escola Secundária de Loulé', '08', '08', 'PUB');
INSERT INTO `tblEscolas` (`Escola`, `Descr`, `Distrito`, `Concelho`, `PubPriv`) VALUES ('0847', 'Escola Secundária Dr. Francisco Fernandes Lopes', '08', '10', 'PUB');
INSERT INTO `tblEscolas` (`Escola`, `Descr`, `Distrito`, `Concelho`, `PubPriv`) VALUES ('0848', 'Escola Secundária de Silves', '08', '13', 'PUB');
INSERT INTO `tblEscolas` (`Escola`, `Descr`, `Distrito`, `Concelho`, `PubPriv`) VALUES ('0849', 'Escola Secundária Dr. Jorge Augusto Correia', '08', '14', 'PUB');
INSERT INTO `tblEscolas` (`Escola`, `Descr`, `Distrito`, `Concelho`, `PubPriv`) VALUES ('0850', 'Escola Secundária de Vila Real de Santo António', '08', '16', 'PUB');
INSERT INTO `tblEscolas` (`Escola`, `Descr`, `Distrito`, `Concelho`, `PubPriv`) VALUES ('0851', 'Escola Secundária Camilo Castelo Branco - Carnaxide', '11', '10', 'PUB');
INSERT INTO `tblEscolas` (`Escola`, `Descr`, `Distrito`, `Concelho`, `PubPriv`) VALUES ('0852', 'Escola Secundária de Figueira de Castelo Rodrigo', '09', '04', 'PUB');
INSERT INTO `tblEscolas` (`Escola`, `Descr`, `Distrito`, `Concelho`, `PubPriv`) VALUES ('0853', 'Escola Secundária de Gouveia', '09', '06', 'PUB');
INSERT INTO `tblEscolas` (`Escola`, `Descr`, `Distrito`, `Concelho`, `PubPriv`) VALUES ('0854', 'Escola Secundária de Pinhel', '09', '10', 'PUB');
INSERT INTO `tblEscolas` (`Escola`, `Descr`, `Distrito`, `Concelho`, `PubPriv`) VALUES ('0855', 'Escola Secundária de Seia', '09', '12', 'PUB');
INSERT INTO `tblEscolas` (`Escola`, `Descr`, `Distrito`, `Concelho`, `PubPriv`) VALUES ('0856', 'Escola Secundária Gonçalo Anes Bandarra', '09', '13', 'PUB');
INSERT INTO `tblEscolas` (`Escola`, `Descr`, `Distrito`, `Concelho`, `PubPriv`) VALUES ('0857', 'Escola Secundária Tenente Coronel Adão Carrapatoso', '09', '14', 'PUB');
INSERT INTO `tblEscolas` (`Escola`, `Descr`, `Distrito`, `Concelho`, `PubPriv`) VALUES ('0858', 'Escola Secundária de Miguel Torga (Massamá)', '11', '11', 'PUB');
INSERT INTO `tblEscolas` (`Escola`, `Descr`, `Distrito`, `Concelho`, `PubPriv`) VALUES ('0859', 'Escola Secundária D. Inês de Castro - Alcobaça', '10', '01', 'PUB');
INSERT INTO `tblEscolas` (`Escola`, `Descr`, `Distrito`, `Concelho`, `PubPriv`) VALUES ('0860', 'Escola Secundária de Raúl Proença', '10', '06', 'PUB');
INSERT INTO `tblEscolas` (`Escola`, `Descr`, `Distrito`, `Concelho`, `PubPriv`) VALUES ('0861', 'Escola Secundária Eng. Acácio Calazans Duarte', '10', '10', 'PUB');
INSERT INTO `tblEscolas` (`Escola`, `Descr`, `Distrito`, `Concelho`, `PubPriv`) VALUES ('0862', 'Escola Secundária de Mira de Aire', '10', '16', 'PUB');
INSERT INTO `tblEscolas` (`Escola`, `Descr`, `Distrito`, `Concelho`, `PubPriv`) VALUES ('0863', 'Escola Básica e Secundária Frei Gonçalo de Azevedo', '11', '05', 'PUB');
INSERT INTO `tblEscolas` (`Escola`, `Descr`, `Distrito`, `Concelho`, `PubPriv`) VALUES ('0864', 'Escola Secundária de Pombal', '10', '15', 'PUB');
INSERT INTO `tblEscolas` (`Escola`, `Descr`, `Distrito`, `Concelho`, `PubPriv`) VALUES ('0865', 'Escola Secundária de Porto de Mós', '10', '16', 'PUB');
INSERT INTO `tblEscolas` (`Escola`, `Descr`, `Distrito`, `Concelho`, `PubPriv`) VALUES ('0866', 'Escola Secundária José Loureiro Botas - Vieira de Leiria', '10', '10', 'PUB');
INSERT INTO `tblEscolas` (`Escola`, `Descr`, `Distrito`, `Concelho`, `PubPriv`) VALUES ('0867', 'Escola Secundária Damião de Goes - Alenquer', '11', '01', 'PUB');
INSERT INTO `tblEscolas` (`Escola`, `Descr`, `Distrito`, `Concelho`, `PubPriv`) VALUES ('0868', 'Escola Secundária da Azambuja', '11', '03', 'PUB');
INSERT INTO `tblEscolas` (`Escola`, `Descr`, `Distrito`, `Concelho`, `PubPriv`) VALUES ('0869', 'Escola Secundária de Carcavelos', '11', '05', 'PUB');
INSERT INTO `tblEscolas` (`Escola`, `Descr`, `Distrito`, `Concelho`, `PubPriv`) VALUES ('0870', 'Escola Secundária de Cascais', '11', '05', 'PUB');
INSERT INTO `tblEscolas` (`Escola`, `Descr`, `Distrito`, `Concelho`, `PubPriv`) VALUES ('0871', 'Escola Básica e Secundária Fernão do Pó', '10', '05', 'PUB');
INSERT INTO `tblEscolas` (`Escola`, `Descr`, `Distrito`, `Concelho`, `PubPriv`) VALUES ('0873', 'Escola Secundária Eça de Queirós', '11', '06', 'PUB');
INSERT INTO `tblEscolas` (`Escola`, `Descr`, `Distrito`, `Concelho`, `PubPriv`) VALUES ('0874', 'Escola Secundária de José Afonso, Loures', '11', '07', 'PUB');
INSERT INTO `tblEscolas` (`Escola`, `Descr`, `Distrito`, `Concelho`, `PubPriv`) VALUES ('0875', 'Escola Secundária Dr. João Manuel da Costa Delgado - Lourinhã', '11', '08', 'PUB');
INSERT INTO `tblEscolas` (`Escola`, `Descr`, `Distrito`, `Concelho`, `PubPriv`) VALUES ('0876', 'Escola Secundária José Saramago - Mafra', '11', '09', 'PUB');
INSERT INTO `tblEscolas` (`Escola`, `Descr`, `Distrito`, `Concelho`, `PubPriv`) VALUES ('0877', 'Escola Secundária de Sacavém', '11', '07', 'PUB');
INSERT INTO `tblEscolas` (`Escola`, `Descr`, `Distrito`, `Concelho`, `PubPriv`) VALUES ('0878', 'Escola Secundária Prof. Reynaldo dos Santos', '11', '14', 'PUB');
INSERT INTO `tblEscolas` (`Escola`, `Descr`, `Distrito`, `Concelho`, `PubPriv`) VALUES ('0879', 'Escola Secundária Manuel Cargaleiro', '15', '10', 'PUB');
INSERT INTO `tblEscolas` (`Escola`, `Descr`, `Distrito`, `Concelho`, `PubPriv`) VALUES ('0880', 'Escola Secundária de Campo Maior', '12', '04', 'PUB');
INSERT INTO `tblEscolas` (`Escola`, `Descr`, `Distrito`, `Concelho`, `PubPriv`) VALUES ('0881', 'Escola Secundária D. Sancho II - Elvas', '12', '07', 'PUB');
INSERT INTO `tblEscolas` (`Escola`, `Descr`, `Distrito`, `Concelho`, `PubPriv`) VALUES ('0882', 'Escola Secundária de Ponte de Sor', '12', '13', 'PUB');
INSERT INTO `tblEscolas` (`Escola`, `Descr`, `Distrito`, `Concelho`, `PubPriv`) VALUES ('0883', 'Escola Secundária Ibn Mucana', '11', '05', 'PUB');
INSERT INTO `tblEscolas` (`Escola`, `Descr`, `Distrito`, `Concelho`, `PubPriv`) VALUES ('0884', 'Escola Secundária de Amarante', '13', '01', 'PUB');
INSERT INTO `tblEscolas` (`Escola`, `Descr`, `Distrito`, `Concelho`, `PubPriv`) VALUES ('0885', 'Escola Secundária Daniel Faria - Baltar', '13', '10', 'PUB');
INSERT INTO `tblEscolas` (`Escola`, `Descr`, `Distrito`, `Concelho`, `PubPriv`) VALUES ('0886', 'Escola Secundária de Carvalhos', '13', '17', 'PUB');
INSERT INTO `tblEscolas` (`Escola`, `Descr`, `Distrito`, `Concelho`, `PubPriv`) VALUES ('0887', 'Escola Secundária de Ermesinde', '13', '15', 'PUB');
INSERT INTO `tblEscolas` (`Escola`, `Descr`, `Distrito`, `Concelho`, `PubPriv`) VALUES ('0888', 'Escola Secundária de Felgueiras', '13', '03', 'PUB');
INSERT INTO `tblEscolas` (`Escola`, `Descr`, `Distrito`, `Concelho`, `PubPriv`) VALUES ('0889', 'Escola Secundária da Maia', '13', '06', 'PUB');
INSERT INTO `tblEscolas` (`Escola`, `Descr`, `Distrito`, `Concelho`, `PubPriv`) VALUES ('0890', 'Escola Secundária de Marco de Canaveses', '13', '07', 'PUB');
INSERT INTO `tblEscolas` (`Escola`, `Descr`, `Distrito`, `Concelho`, `PubPriv`) VALUES ('0891', 'Escola Secundária de Oliveira do Douro', '13', '17', 'PUB');
INSERT INTO `tblEscolas` (`Escola`, `Descr`, `Distrito`, `Concelho`, `PubPriv`) VALUES ('0892', 'Escola Secundária de Paços de Ferreira', '13', '09', 'PUB');
INSERT INTO `tblEscolas` (`Escola`, `Descr`, `Distrito`, `Concelho`, `PubPriv`) VALUES ('0893', 'Escola Secundária de Paredes', '13', '10', 'PUB');
INSERT INTO `tblEscolas` (`Escola`, `Descr`, `Distrito`, `Concelho`, `PubPriv`) VALUES ('0894', 'Escola Secundária de Valongo', '13', '15', 'PUB');
INSERT INTO `tblEscolas` (`Escola`, `Descr`, `Distrito`, `Concelho`, `PubPriv`) VALUES ('0895', 'Escola Secundária José Régio', '13', '16', 'PUB');
INSERT INTO `tblEscolas` (`Escola`, `Descr`, `Distrito`, `Concelho`, `PubPriv`) VALUES ('0896', 'Escola Secundária de Alcanena', '14', '02', 'PUB');
INSERT INTO `tblEscolas` (`Escola`, `Descr`, `Distrito`, `Concelho`, `PubPriv`) VALUES ('0897', 'Escola Básica e Secundária Lima de Freitas', '15', '12', 'PUB');
INSERT INTO `tblEscolas` (`Escola`, `Descr`, `Distrito`, `Concelho`, `PubPriv`) VALUES ('0898', 'Escola Secundária de Benavente', '14', '05', 'PUB');
INSERT INTO `tblEscolas` (`Escola`, `Descr`, `Distrito`, `Concelho`, `PubPriv`) VALUES ('0899', 'Escola Secundária de Coruche', '14', '09', 'PUB');
INSERT INTO `tblEscolas` (`Escola`, `Descr`, `Distrito`, `Concelho`, `PubPriv`) VALUES ('0900', 'Escola Secundária do Entroncamento', '14', '10', 'PUB');
INSERT INTO `tblEscolas` (`Escola`, `Descr`, `Distrito`, `Concelho`, `PubPriv`) VALUES ('0901', 'Escola Básica e Secundária de Mação', '14', '13', 'PUB');
INSERT INTO `tblEscolas` (`Escola`, `Descr`, `Distrito`, `Concelho`, `PubPriv`) VALUES ('0902', 'Escola Secundária Dr. Augusto César S. Ferreira', '14', '14', 'PUB');
INSERT INTO `tblEscolas` (`Escola`, `Descr`, `Distrito`, `Concelho`, `PubPriv`) VALUES ('0903', 'Escola Secundária Maria Lamas', '14', '19', 'PUB');
INSERT INTO `tblEscolas` (`Escola`, `Descr`, `Distrito`, `Concelho`, `PubPriv`) VALUES ('0904', 'Escola Secundária Alfredo dos Reis Silveira', '15', '10', 'PUB');
INSERT INTO `tblEscolas` (`Escola`, `Descr`, `Distrito`, `Concelho`, `PubPriv`) VALUES ('0905', 'Escola Básica e Secundária de Ourém', '14', '21', 'PUB');
INSERT INTO `tblEscolas` (`Escola`, `Descr`, `Distrito`, `Concelho`, `PubPriv`) VALUES ('0906', 'Escola Secundária de Alcácer do Sal', '15', '01', 'PUB');
INSERT INTO `tblEscolas` (`Escola`, `Descr`, `Distrito`, `Concelho`, `PubPriv`) VALUES ('0907', 'Escola Secundária da Amora', '15', '10', 'PUB');
INSERT INTO `tblEscolas` (`Escola`, `Descr`, `Distrito`, `Concelho`, `PubPriv`) VALUES ('0908', 'Escola Secundária António Inácio da Cruz', '15', '05', 'PUB');
INSERT INTO `tblEscolas` (`Escola`, `Descr`, `Distrito`, `Concelho`, `PubPriv`) VALUES ('0909', 'Escola Básica e Secundária Prof. Ruy Luís Gomes', '15', '03', 'PUB');
INSERT INTO `tblEscolas` (`Escola`, `Descr`, `Distrito`, `Concelho`, `PubPriv`) VALUES ('0910', 'Escola Secundária da Moita', '15', '06', 'PUB');
INSERT INTO `tblEscolas` (`Escola`, `Descr`, `Distrito`, `Concelho`, `PubPriv`) VALUES ('0911', 'Escola Secundária Jorge Peixinho', '15', '07', 'PUB');
INSERT INTO `tblEscolas` (`Escola`, `Descr`, `Distrito`, `Concelho`, `PubPriv`) VALUES ('0912', 'Escola Secundária de Palmela', '15', '08', 'PUB');
INSERT INTO `tblEscolas` (`Escola`, `Descr`, `Distrito`, `Concelho`, `PubPriv`) VALUES ('0913', 'Escola Secundária Manuel da Fonseca', '15', '09', 'PUB');
INSERT INTO `tblEscolas` (`Escola`, `Descr`, `Distrito`, `Concelho`, `PubPriv`) VALUES ('0914', 'Escola Básica e Secundária Ordem de Santiago', '15', '12', 'PUB');
INSERT INTO `tblEscolas` (`Escola`, `Descr`, `Distrito`, `Concelho`, `PubPriv`) VALUES ('0915', 'Escola Básica e Secundária de Valdevez', '16', '01', 'PUB');
INSERT INTO `tblEscolas` (`Escola`, `Descr`, `Distrito`, `Concelho`, `PubPriv`) VALUES ('0916', 'Escola Secundária de Monção', '16', '04', 'PUB');
INSERT INTO `tblEscolas` (`Escola`, `Descr`, `Distrito`, `Concelho`, `PubPriv`) VALUES ('0917', 'Escola Básica e Secundária de Ponte da Barca', '16', '06', 'PUB');
INSERT INTO `tblEscolas` (`Escola`, `Descr`, `Distrito`, `Concelho`, `PubPriv`) VALUES ('0919', 'Escola Básica e Secundária Francisco Simões', '15', '03', 'PUB');
INSERT INTO `tblEscolas` (`Escola`, `Descr`, `Distrito`, `Concelho`, `PubPriv`) VALUES ('0920', 'Escola Básica e Secundária D. Sancho II - Alijó', '17', '01', 'PUB');
INSERT INTO `tblEscolas` (`Escola`, `Descr`, `Distrito`, `Concelho`, `PubPriv`) VALUES ('0921', 'Escola Secundária Dr. João Araújo Correia', '17', '08', 'PUB');
INSERT INTO `tblEscolas` (`Escola`, `Descr`, `Distrito`, `Concelho`, `PubPriv`) VALUES ('0922', 'Escola Secundária da Quinta do Marquês', '11', '10', 'PUB');
INSERT INTO `tblEscolas` (`Escola`, `Descr`, `Distrito`, `Concelho`, `PubPriv`) VALUES ('0923', 'Escola Secundária Arco-Irís', '11', '07', 'PUB');
INSERT INTO `tblEscolas` (`Escola`, `Descr`, `Distrito`, `Concelho`, `PubPriv`) VALUES ('0924', 'Escola Secundária de Castro Daire', '18', '03', 'PUB');
INSERT INTO `tblEscolas` (`Escola`, `Descr`, `Distrito`, `Concelho`, `PubPriv`) VALUES ('0925', 'Escola Secundária Dra. Felismina Alcântara - Mangualde', '18', '06', 'PUB');
INSERT INTO `tblEscolas` (`Escola`, `Descr`, `Distrito`, `Concelho`, `PubPriv`) VALUES ('0926', 'Escola Básica e Secundária de Moimenta da Beira', '18', '07', 'PUB');
INSERT INTO `tblEscolas` (`Escola`, `Descr`, `Distrito`, `Concelho`, `PubPriv`) VALUES ('0927', 'Escola Secundária de Nelas', '18', '09', 'PUB');
INSERT INTO `tblEscolas` (`Escola`, `Descr`, `Distrito`, `Concelho`, `PubPriv`) VALUES ('0928', 'Escola Secundária de São Pedro do Sul', '18', '16', 'PUB');
INSERT INTO `tblEscolas` (`Escola`, `Descr`, `Distrito`, `Concelho`, `PubPriv`) VALUES ('0929', 'Escola Secundária de Santa Comba Dão', '18', '14', 'PUB');
INSERT INTO `tblEscolas` (`Escola`, `Descr`, `Distrito`, `Concelho`, `PubPriv`) VALUES ('0930', 'Escola Secundária Arquitecto Oliveira Ferreira', '13', '17', 'PUB');
INSERT INTO `tblEscolas` (`Escola`, `Descr`, `Distrito`, `Concelho`, `PubPriv`) VALUES ('0931', 'Escola Secundária de Tondela', '18', '21', 'PUB');
INSERT INTO `tblEscolas` (`Escola`, `Descr`, `Distrito`, `Concelho`, `PubPriv`) VALUES ('0932', 'Escola Secundária de Vila Nova de Paiva', '18', '22', 'PUB');
INSERT INTO `tblEscolas` (`Escola`, `Descr`, `Distrito`, `Concelho`, `PubPriv`) VALUES ('0933', 'Escola Secundária de Vouzela', '18', '24', 'PUB');
INSERT INTO `tblEscolas` (`Escola`, `Descr`, `Distrito`, `Concelho`, `PubPriv`) VALUES ('0934', 'Escola Secundária da Baixa da Banheira', '15', '06', 'PUB');
INSERT INTO `tblEscolas` (`Escola`, `Descr`, `Distrito`, `Concelho`, `PubPriv`) VALUES ('0937', 'Escola Secundária Santo André-Barreiro', '15', '04', 'PUB');
INSERT INTO `tblEscolas` (`Escola`, `Descr`, `Distrito`, `Concelho`, `PubPriv`) VALUES ('0938', 'Escola Secundária de Odivelas', '11', '16', 'PUB');
INSERT INTO `tblEscolas` (`Escola`, `Descr`, `Distrito`, `Concelho`, `PubPriv`) VALUES ('0939', 'Escola Secundária Professor José Augusto Lucas', '11', '10', 'PUB');
INSERT INTO `tblEscolas` (`Escola`, `Descr`, `Distrito`, `Concelho`, `PubPriv`) VALUES ('0940', 'Escola Básica e Secundária Dr. Azevedo Neves', '11', '15', 'PUB');
INSERT INTO `tblEscolas` (`Escola`, `Descr`, `Distrito`, `Concelho`, `PubPriv`) VALUES ('0942', 'Escola Secundária Dr. Joaquim Gomes Ferreira Alves', '13', '17', 'PUB');
INSERT INTO `tblEscolas` (`Escola`, `Descr`, `Distrito`, `Concelho`, `PubPriv`) VALUES ('0943', 'Escola Secundária da Drª Laura Ayres - Quarteira', '08', '08', 'PUB');
INSERT INTO `tblEscolas` (`Escola`, `Descr`, `Distrito`, `Concelho`, `PubPriv`) VALUES ('0945', 'Escola Secundária de Penafiel', '13', '11', 'PUB');
INSERT INTO `tblEscolas` (`Escola`, `Descr`, `Distrito`, `Concelho`, `PubPriv`) VALUES ('0946', 'Escola Secundária Fernando Namora', '11', '15', 'PUB');
INSERT INTO `tblEscolas` (`Escola`, `Descr`, `Distrito`, `Concelho`, `PubPriv`) VALUES ('0948', 'Escola Secundária de Padrão da Légua', '13', '08', 'PUB');
INSERT INTO `tblEscolas` (`Escola`, `Descr`, `Distrito`, `Concelho`, `PubPriv`) VALUES ('0949', 'Escola Secundária D. João II', '15', '12', 'PUB');
INSERT INTO `tblEscolas` (`Escola`, `Descr`, `Distrito`, `Concelho`, `PubPriv`) VALUES ('0950', 'Escola Secundária de Sampaio', '15', '11', 'PUB');
INSERT INTO `tblEscolas` (`Escola`, `Descr`, `Distrito`, `Concelho`, `PubPriv`) VALUES ('0952', 'Escola Secundária de José Gomes Ferreira', '11', '06', 'PUB');
INSERT INTO `tblEscolas` (`Escola`, `Descr`, `Distrito`, `Concelho`, `PubPriv`) VALUES ('0953', 'Escola Secundária Diogo de Macedo', '13', '17', 'PUB');
INSERT INTO `tblEscolas` (`Escola`, `Descr`, `Distrito`, `Concelho`, `PubPriv`) VALUES ('0955', 'Escola Secundária Dr. Manuel Candeias Gonçalves, Odemira', '02', '11', 'PUB');
INSERT INTO `tblEscolas` (`Escola`, `Descr`, `Distrito`, `Concelho`, `PubPriv`) VALUES ('0956', 'Escola Básica e Secundária de Carrazeda de Ansiães', '04', '03', 'PUB');
INSERT INTO `tblEscolas` (`Escola`, `Descr`, `Distrito`, `Concelho`, `PubPriv`) VALUES ('0957', 'Escola Secundária do Castêlo da Maia', '13', '06', 'PUB');
INSERT INTO `tblEscolas` (`Escola`, `Descr`, `Distrito`, `Concelho`, `PubPriv`) VALUES ('0958', 'Escola Secundária de Inês de Castro', '13', '17', 'PUB');
INSERT INTO `tblEscolas` (`Escola`, `Descr`, `Distrito`, `Concelho`, `PubPriv`) VALUES ('0959', 'Escola Secundária da Cidadela', '11', '05', 'PUB');
INSERT INTO `tblEscolas` (`Escola`, `Descr`, `Distrito`, `Concelho`, `PubPriv`) VALUES ('0960', 'Escola Secundária de Rio Tinto', '13', '04', 'PUB');
INSERT INTO `tblEscolas` (`Escola`, `Descr`, `Distrito`, `Concelho`, `PubPriv`) VALUES ('0961', 'Escola Secundária de Valpaços', '17', '12', 'PUB');
INSERT INTO `tblEscolas` (`Escola`, `Descr`, `Distrito`, `Concelho`, `PubPriv`) VALUES ('0962', 'Escola Secundária Dr. Jaime Magalhães Lima', '01', '05', 'PUB');
INSERT INTO `tblEscolas` (`Escola`, `Descr`, `Distrito`, `Concelho`, `PubPriv`) VALUES ('0963', 'Escola Básica e Secundária Oliveira Júnior', '01', '16', 'PUB');
INSERT INTO `tblEscolas` (`Escola`, `Descr`, `Distrito`, `Concelho`, `PubPriv`) VALUES ('0964', 'Escola Secundária Padre Benjamim Salgado - Joane', '03', '12', 'PUB');
INSERT INTO `tblEscolas` (`Escola`, `Descr`, `Distrito`, `Concelho`, `PubPriv`) VALUES ('0965', 'Escola Secundária de Esmoriz', '01', '15', 'PUB');
INSERT INTO `tblEscolas` (`Escola`, `Descr`, `Distrito`, `Concelho`, `PubPriv`) VALUES ('0966', 'Escola Secundária de Caldas de Vizela', '03', '14', 'PUB');
INSERT INTO `tblEscolas` (`Escola`, `Descr`, `Distrito`, `Concelho`, `PubPriv`) VALUES ('0967', 'Escola Secundária de Carregal do Sal', '18', '02', 'PUB');
INSERT INTO `tblEscolas` (`Escola`, `Descr`, `Distrito`, `Concelho`, `PubPriv`) VALUES ('0968', 'Escola Básica e Secundária de Canelas', '13', '17', 'PUB');
INSERT INTO `tblEscolas` (`Escola`, `Descr`, `Distrito`, `Concelho`, `PubPriv`) VALUES ('0969', 'Escola Secundária da Ramada', '11', '16', 'PUB');
INSERT INTO `tblEscolas` (`Escola`, `Descr`, `Distrito`, `Concelho`, `PubPriv`) VALUES ('0970', 'Escola Básica e Secundária do Cadaval', '11', '04', 'PUB');
INSERT INTO `tblEscolas` (`Escola`, `Descr`, `Distrito`, `Concelho`, `PubPriv`) VALUES ('0971', 'Escola Básica e Secundária D. João V - Damaia', '11', '15', 'PUB');
INSERT INTO `tblEscolas` (`Escola`, `Descr`, `Distrito`, `Concelho`, `PubPriv`) VALUES ('0972', 'Escola Secundária Seomara da Costa Primo', '11', '15', 'PUB');
INSERT INTO `tblEscolas` (`Escola`, `Descr`, `Distrito`, `Concelho`, `PubPriv`) VALUES ('0973', 'Escola Secundária do Restelo', '11', '06', 'PUB');
INSERT INTO `tblEscolas` (`Escola`, `Descr`, `Distrito`, `Concelho`, `PubPriv`) VALUES ('0975', 'Escola Secundária do Lumiar', '11', '06', 'PUB');
INSERT INTO `tblEscolas` (`Escola`, `Descr`, `Distrito`, `Concelho`, `PubPriv`) VALUES ('0976', 'Escola Secundária Luís de Freitas Branco', '11', '10', 'PUB');
INSERT INTO `tblEscolas` (`Escola`, `Descr`, `Distrito`, `Concelho`, `PubPriv`) VALUES ('0977', 'Escola Secundária Fernando Lopes Graça - Parede', '11', '05', 'PUB');
INSERT INTO `tblEscolas` (`Escola`, `Descr`, `Distrito`, `Concelho`, `PubPriv`) VALUES ('0979', 'Escola Básica e Secundária do Cerco', '13', '12', 'PUB');
INSERT INTO `tblEscolas` (`Escola`, `Descr`, `Distrito`, `Concelho`, `PubPriv`) VALUES ('0980', 'Escola Secundária do Cartaxo', '14', '06', 'PUB');
INSERT INTO `tblEscolas` (`Escola`, `Descr`, `Distrito`, `Concelho`, `PubPriv`) VALUES ('0981', 'Escola Secundária de Romeu Correia - Feijó', '15', '03', 'PUB');
INSERT INTO `tblEscolas` (`Escola`, `Descr`, `Distrito`, `Concelho`, `PubPriv`) VALUES ('0983', 'Escola Básica e Secundária Amélia Rey Colaço', '11', '10', 'PUB');
INSERT INTO `tblEscolas` (`Escola`, `Descr`, `Distrito`, `Concelho`, `PubPriv`) VALUES ('0986', 'Escola Secundária D. Manuel Martins', '15', '12', 'PUB');
INSERT INTO `tblEscolas` (`Escola`, `Descr`, `Distrito`, `Concelho`, `PubPriv`) VALUES ('0987', 'Escola Secundária Adolfo Portela', '01', '01', 'PUB');
INSERT INTO `tblEscolas` (`Escola`, `Descr`, `Distrito`, `Concelho`, `PubPriv`) VALUES ('0988', 'Escola Secundária Henrique Medina', '03', '06', 'PUB');
INSERT INTO `tblEscolas` (`Escola`, `Descr`, `Distrito`, `Concelho`, `PubPriv`) VALUES ('0989', 'Escola Secundária da Trofa', '13', '18', 'PUB');
INSERT INTO `tblEscolas` (`Escola`, `Descr`, `Distrito`, `Concelho`, `PubPriv`) VALUES ('0990', 'Escola Secundária de Vila Cova da Lixa', '13', '03', 'PUB');
INSERT INTO `tblEscolas` (`Escola`, `Descr`, `Distrito`, `Concelho`, `PubPriv`) VALUES ('0991', 'Escola Secundária do Monte da Caparica', '15', '03', 'PUB');
INSERT INTO `tblEscolas` (`Escola`, `Descr`, `Distrito`, `Concelho`, `PubPriv`) VALUES ('0992', 'Escola Secundária Frei Rosa Viterbo', '18', '17', 'PUB');
INSERT INTO `tblEscolas` (`Escola`, `Descr`, `Distrito`, `Concelho`, `PubPriv`) VALUES ('0993', 'Escola Secundária Júlio Dantas', '08', '07', 'PUB');
INSERT INTO `tblEscolas` (`Escola`, `Descr`, `Distrito`, `Concelho`, `PubPriv`) VALUES ('0994', 'Escola Secundária Afonso Lopes Vieira', '10', '09', 'PUB');
INSERT INTO `tblEscolas` (`Escola`, `Descr`, `Distrito`, `Concelho`, `PubPriv`) VALUES ('0995', 'Escola Secundária Dr. António Carvalho Figueiredo', '11', '07', 'PUB');
INSERT INTO `tblEscolas` (`Escola`, `Descr`, `Distrito`, `Concelho`, `PubPriv`) VALUES ('0996', 'Escola Secundária de Mem Martins', '11', '11', 'PUB');
INSERT INTO `tblEscolas` (`Escola`, `Descr`, `Distrito`, `Concelho`, `PubPriv`) VALUES ('0997', 'Escola Básica e Secundária Vieira de Araújo', '03', '11', 'PUB');
INSERT INTO `tblEscolas` (`Escola`, `Descr`, `Distrito`, `Concelho`, `PubPriv`) VALUES ('0998', 'Escola Secundária António Gedeão', '15', '03', 'PUB');
INSERT INTO `tblEscolas` (`Escola`, `Descr`, `Distrito`, `Concelho`, `PubPriv`) VALUES ('0999', 'Escola Secundária Padre António Macedo', '15', '09', 'PUB');
INSERT INTO `tblEscolas` (`Escola`, `Descr`, `Distrito`, `Concelho`, `PubPriv`) VALUES ('1005', 'Escola Básica e Secundária José Gomes Ferreira - Ferreira do Alentejo', '02', '08', 'PUB');
INSERT INTO `tblEscolas` (`Escola`, `Descr`, `Distrito`, `Concelho`, `PubPriv`) VALUES ('1006', 'Escola Secundária de Vilela', '13', '10', 'PUB');
INSERT INTO `tblEscolas` (`Escola`, `Descr`, `Distrito`, `Concelho`, `PubPriv`) VALUES ('1007', 'Escola Básica e Secundária Dr. Hernâni Cidade', '07', '10', 'PUB');
INSERT INTO `tblEscolas` (`Escola`, `Descr`, `Distrito`, `Concelho`, `PubPriv`) VALUES ('1008', 'Escola Básica e Secundária de Mora', '07', '07', 'PUB');
INSERT INTO `tblEscolas` (`Escola`, `Descr`, `Distrito`, `Concelho`, `PubPriv`) VALUES ('1010', 'Escola Básica e Secundária Padre António de Andrade', '05', '06', 'PUB');
INSERT INTO `tblEscolas` (`Escola`, `Descr`, `Distrito`, `Concelho`, `PubPriv`) VALUES ('1020', 'Escola Básica e Secundária de Rio Caldo', '03', '10', 'PUB');
INSERT INTO `tblEscolas` (`Escola`, `Descr`, `Distrito`, `Concelho`, `PubPriv`) VALUES ('1030', 'Escola Secundária da Senhora da Hora', '13', '08', 'PUB');
INSERT INTO `tblEscolas` (`Escola`, `Descr`, `Distrito`, `Concelho`, `PubPriv`) VALUES ('1032', 'Escola Secundária de Alcochete', '15', '02', 'PUB');
INSERT INTO `tblEscolas` (`Escola`, `Descr`, `Distrito`, `Concelho`, `PubPriv`) VALUES ('1034', 'Escola Secundária de Alfena', '13', '15', 'PUB');
INSERT INTO `tblEscolas` (`Escola`, `Descr`, `Distrito`, `Concelho`, `PubPriv`) VALUES ('1035', 'Escola Secundária Quinta das Palmeiras', '05', '03', 'PUB');
INSERT INTO `tblEscolas` (`Escola`, `Descr`, `Distrito`, `Concelho`, `PubPriv`) VALUES ('1036', 'Escola Secundária D. Afonso Sanches', '13', '16', 'PUB');
INSERT INTO `tblEscolas` (`Escola`, `Descr`, `Distrito`, `Concelho`, `PubPriv`) VALUES ('1037', 'Escola Básica do Centro de Portugal', '05', '10', 'PUB');
INSERT INTO `tblEscolas` (`Escola`, `Descr`, `Distrito`, `Concelho`, `PubPriv`) VALUES ('1038', 'Escola Básica e Secundária de Ínfias (Vizela)', '03', '14', 'PUB');
INSERT INTO `tblEscolas` (`Escola`, `Descr`, `Distrito`, `Concelho`, `PubPriv`) VALUES ('1039', 'Escola Secundária de Alpendurada', '13', '07', 'PUB');
INSERT INTO `tblEscolas` (`Escola`, `Descr`, `Distrito`, `Concelho`, `PubPriv`) VALUES ('1040', 'Escola Básica e Secundária Pe. António Morais da Fonseca - Murtosa', '01', '12', 'PUB');
INSERT INTO `tblEscolas` (`Escola`, `Descr`, `Distrito`, `Concelho`, `PubPriv`) VALUES ('1041', 'Escola Secundária de Molelos', '18', '21', 'PUB');
INSERT INTO `tblEscolas` (`Escola`, `Descr`, `Distrito`, `Concelho`, `PubPriv`) VALUES ('1042', 'Escola Básica e Secundária de Muralhas do Minho - Valença', '16', '08', 'PUB');
INSERT INTO `tblEscolas` (`Escola`, `Descr`, `Distrito`, `Concelho`, `PubPriv`) VALUES ('1043', 'Escola Básica e Secundária de Vila Pouca de Aguiar', '17', '13', 'PUB');
INSERT INTO `tblEscolas` (`Escola`, `Descr`, `Distrito`, `Concelho`, `PubPriv`) VALUES ('1045', 'Escola Básica e Secundária Josefa de Óbidos', '10', '12', 'PUB');
INSERT INTO `tblEscolas` (`Escola`, `Descr`, `Distrito`, `Concelho`, `PubPriv`) VALUES ('1046', 'Escola Básica e Secundária de Albufeira', '08', '01', 'PUB');
INSERT INTO `tblEscolas` (`Escola`, `Descr`, `Distrito`, `Concelho`, `PubPriv`) VALUES ('1048', 'Escola Básica e Secundária Vale do Tamel , Lijó - Barcelos', '03', '02', 'PUB');
INSERT INTO `tblEscolas` (`Escola`, `Descr`, `Distrito`, `Concelho`, `PubPriv`) VALUES ('1049', 'Escola Básica e Secundária Vila Cova - Barcelos', '03', '02', 'PUB');
INSERT INTO `tblEscolas` (`Escola`, `Descr`, `Distrito`, `Concelho`, `PubPriv`) VALUES ('1051', 'Escola Básica e Secundária Dr. Manuel Pinto de Vasconcelos', '13', '09', 'PUB');
INSERT INTO `tblEscolas` (`Escola`, `Descr`, `Distrito`, `Concelho`, `PubPriv`) VALUES ('1052', 'Escola Básica e Secundária de Airães', '13', '03', 'PUB');
INSERT INTO `tblEscolas` (`Escola`, `Descr`, `Distrito`, `Concelho`, `PubPriv`) VALUES ('1053', 'Escola Básica e Secundária de Idães', '13', '03', 'PUB');
INSERT INTO `tblEscolas` (`Escola`, `Descr`, `Distrito`, `Concelho`, `PubPriv`) VALUES ('1054', 'Escola Básica e Secundária de Pinheiro', '13', '11', 'PUB');
INSERT INTO `tblEscolas` (`Escola`, `Descr`, `Distrito`, `Concelho`, `PubPriv`) VALUES ('1057', 'Escola Básica e Secundária de Fajões, Oliveira de Azeméis', '01', '13', 'PUB');
INSERT INTO `tblEscolas` (`Escola`, `Descr`, `Distrito`, `Concelho`, `PubPriv`) VALUES ('1058', 'Escola Básica e Secundária de Rebordosa', '13', '10', 'PUB');
INSERT INTO `tblEscolas` (`Escola`, `Descr`, `Distrito`, `Concelho`, `PubPriv`) VALUES ('1059', 'Escola Básica de Lousada Norte -Lustosa', '13', '05', 'PUB');
INSERT INTO `tblEscolas` (`Escola`, `Descr`, `Distrito`, `Concelho`, `PubPriv`) VALUES ('1060', 'Escola Básica e Secundária de Nogueira - Lousada ', '13', '05', 'PUB');
INSERT INTO `tblEscolas` (`Escola`, `Descr`, `Distrito`, `Concelho`, `PubPriv`) VALUES ('1061', 'Escola Básica e Secundária de Felgueiras, Pombeiro', '13', '03', 'PUB');
INSERT INTO `tblEscolas` (`Escola`, `Descr`, `Distrito`, `Concelho`, `PubPriv`) VALUES ('1062', 'Escola Básica e Secundária do Levante da Maia - Nogueira da Maia', '13', '06', 'PUB');
INSERT INTO `tblEscolas` (`Escola`, `Descr`, `Distrito`, `Concelho`, `PubPriv`) VALUES ('1063', 'Escola Básica e Secundária à Beira Douro', '13', '04', 'PUB');
INSERT INTO `tblEscolas` (`Escola`, `Descr`, `Distrito`, `Concelho`, `PubPriv`) VALUES ('1067', 'Escola Básica e Secundária de Campo', '13', '15', 'PUB');
INSERT INTO `tblEscolas` (`Escola`, `Descr`, `Distrito`, `Concelho`, `PubPriv`) VALUES ('1500', 'Escola Secundária Jerónimo Emiliano Andrade', '19', '01', 'PUB');
INSERT INTO `tblEscolas` (`Escola`, `Descr`, `Distrito`, `Concelho`, `PubPriv`) VALUES ('1501', 'Escola Secundária Domingos Rebelo', '19', '23', 'PUB');
INSERT INTO `tblEscolas` (`Escola`, `Descr`, `Distrito`, `Concelho`, `PubPriv`) VALUES ('1502', 'Escola Secundária Antero de Quental', '19', '23', 'PUB');
INSERT INTO `tblEscolas` (`Escola`, `Descr`, `Distrito`, `Concelho`, `PubPriv`) VALUES ('1503', 'Escola Secundária das Laranjeiras', '19', '23', 'PUB');
INSERT INTO `tblEscolas` (`Escola`, `Descr`, `Distrito`, `Concelho`, `PubPriv`) VALUES ('1504', 'Escola Secundária Manuel de Arriaga - Horta', '19', '12', 'PUB');
INSERT INTO `tblEscolas` (`Escola`, `Descr`, `Distrito`, `Concelho`, `PubPriv`) VALUES ('1505', 'Escola Básica e Secundária de Lajes do Pico', '19', '14', 'PUB');
INSERT INTO `tblEscolas` (`Escola`, `Descr`, `Distrito`, `Concelho`, `PubPriv`) VALUES ('1506', 'Escola Básica e Secundária de São Roque do Pico', '19', '17', 'PUB');
INSERT INTO `tblEscolas` (`Escola`, `Descr`, `Distrito`, `Concelho`, `PubPriv`) VALUES ('1507', 'Escola Básica e Secundária de Santa Maria', '19', '27', 'PUB');
INSERT INTO `tblEscolas` (`Escola`, `Descr`, `Distrito`, `Concelho`, `PubPriv`) VALUES ('1508', 'Escola Secundária da Ribeira Grande', '19', '25', 'PUB');
INSERT INTO `tblEscolas` (`Escola`, `Descr`, `Distrito`, `Concelho`, `PubPriv`) VALUES ('1509', 'Escola Secundária Vitorino Nemésio - Praia da Vitória', '19', '05', 'PUB');
INSERT INTO `tblEscolas` (`Escola`, `Descr`, `Distrito`, `Concelho`, `PubPriv`) VALUES ('1510', 'Escola Básica e Secundária das Flores', '19', '16', 'PUB');
INSERT INTO `tblEscolas` (`Escola`, `Descr`, `Distrito`, `Concelho`, `PubPriv`) VALUES ('1511', 'Escola Básica e Secundária de Velas', '19', '04', 'PUB');
INSERT INTO `tblEscolas` (`Escola`, `Descr`, `Distrito`, `Concelho`, `PubPriv`) VALUES ('1512', 'Escola Básica e Secundária da Calheta', '19', '02', 'PUB');
INSERT INTO `tblEscolas` (`Escola`, `Descr`, `Distrito`, `Concelho`, `PubPriv`) VALUES ('1513', 'Escola Básica e Secundária da Graciosa', '19', '03', 'PUB');
INSERT INTO `tblEscolas` (`Escola`, `Descr`, `Distrito`, `Concelho`, `PubPriv`) VALUES ('1514', 'Escola Básica e Secundária de Nordeste', '19', '22', 'PUB');
INSERT INTO `tblEscolas` (`Escola`, `Descr`, `Distrito`, `Concelho`, `PubPriv`) VALUES ('1517', 'Escola Básica e Secundária da Madalena', '19', '15', 'PUB');
INSERT INTO `tblEscolas` (`Escola`, `Descr`, `Distrito`, `Concelho`, `PubPriv`) VALUES ('1518', 'Escola Básica e Secundária da Povoação', '19', '24', 'PUB');
INSERT INTO `tblEscolas` (`Escola`, `Descr`, `Distrito`, `Concelho`, `PubPriv`) VALUES ('1519', 'Escola Secundária da Lagoa', '19', '21', 'PUB');
INSERT INTO `tblEscolas` (`Escola`, `Descr`, `Distrito`, `Concelho`, `PubPriv`) VALUES ('1520', 'Escola Básica Integrada Mouzinho da Silveira', '19', '11', 'PUB');
INSERT INTO `tblEscolas` (`Escola`, `Descr`, `Distrito`, `Concelho`, `PubPriv`) VALUES ('1521', 'Escola Básica e Secundária Vila Franca do Campo', '19', '26', 'PUB');
INSERT INTO `tblEscolas` (`Escola`, `Descr`, `Distrito`, `Concelho`, `PubPriv`) VALUES ('1522', 'Escola Básica e Secundária Tomás de Borba', '19', '01', 'PUB');
INSERT INTO `tblEscolas` (`Escola`, `Descr`, `Distrito`, `Concelho`, `PubPriv`) VALUES ('1600', 'Escola Secundária Jaime Moniz', '22', '03', 'PUB');
INSERT INTO `tblEscolas` (`Escola`, `Descr`, `Distrito`, `Concelho`, `PubPriv`) VALUES ('1601', 'Escola Secundária Francisco Franco', '22', '03', 'PUB');
INSERT INTO `tblEscolas` (`Escola`, `Descr`, `Distrito`, `Concelho`, `PubPriv`) VALUES ('1602', 'Escola Complementar do Til - APEL', '22', '03', 'PRI');
INSERT INTO `tblEscolas` (`Escola`, `Descr`, `Distrito`, `Concelho`, `PubPriv`) VALUES ('1603', 'Escola Básica e Secundária Prof. Dr. Francisco Freitas Branco', '22', '07', 'PUB');
INSERT INTO `tblEscolas` (`Escola`, `Descr`, `Distrito`, `Concelho`, `PubPriv`) VALUES ('1604', 'Escola Básica e Secundária Dr. Ângelo Augusto Silva', '22', '03', 'PUB');
INSERT INTO `tblEscolas` (`Escola`, `Descr`, `Distrito`, `Concelho`, `PubPriv`) VALUES ('1606', 'Escola Básica e Secundária de Machico', '22', '04', 'PUB');
INSERT INTO `tblEscolas` (`Escola`, `Descr`, `Distrito`, `Concelho`, `PubPriv`) VALUES ('1607', 'Escola Básica e Secundária Padre Manuel Álvares', '22', '08', 'PUB');
INSERT INTO `tblEscolas` (`Escola`, `Descr`, `Distrito`, `Concelho`, `PubPriv`) VALUES ('1608', 'Escola Básica e Secundária da Calheta', '22', '01', 'PUB');
INSERT INTO `tblEscolas` (`Escola`, `Descr`, `Distrito`, `Concelho`, `PubPriv`) VALUES ('1610', 'Escola Básica e Secundária Gonçalves Zarco', '22', '03', 'PUB');
INSERT INTO `tblEscolas` (`Escola`, `Descr`, `Distrito`, `Concelho`, `PubPriv`) VALUES ('1611', 'Escola Básica e Secundária de Santa Cruz', '22', '09', 'PUB');
INSERT INTO `tblEscolas` (`Escola`, `Descr`, `Distrito`, `Concelho`, `PubPriv`) VALUES ('1612', 'Escola Básica e Secundária Bispo D. Manuel Ferreira Cabral', '22', '10', 'PUB');
INSERT INTO `tblEscolas` (`Escola`, `Descr`, `Distrito`, `Concelho`, `PubPriv`) VALUES ('1614', 'Escola Básica e Secundária D. Lucinda Andrade', '22', '11', 'PUB');
INSERT INTO `tblEscolas` (`Escola`, `Descr`, `Distrito`, `Concelho`, `PubPriv`) VALUES ('1616', 'Escola Básica e Secundária do Porto Moniz', '22', '06', 'PUB');
INSERT INTO `tblEscolas` (`Escola`, `Descr`, `Distrito`, `Concelho`, `PubPriv`) VALUES ('1617', 'Escola Básica e Secundária Dr. Luís Maurílio da Silva Dantas', '22', '02', 'PUB');
INSERT INTO `tblEscolas` (`Escola`, `Descr`, `Distrito`, `Concelho`, `PubPriv`) VALUES ('1618', 'Escola Básica e Secundária da Ponta do Sol', '22', '05', 'PUB');
INSERT INTO `tblEscolas` (`Escola`, `Descr`, `Distrito`, `Concelho`, `PubPriv`) VALUES ('1701', 'Conservatório de Música de Calouste Gulbenkian - Braga', '03', '03', 'PUB');
INSERT INTO `tblEscolas` (`Escola`, `Descr`, `Distrito`, `Concelho`, `PubPriv`) VALUES ('1703', 'Conservatório de Música do Porto', '13', '12', 'PUB');
INSERT INTO `tblEscolas` (`Escola`, `Descr`, `Distrito`, `Concelho`, `PubPriv`) VALUES ('2000', 'Colégio de Albergaria', '01', '02', 'PRI');
INSERT INTO `tblEscolas` (`Escola`, `Descr`, `Distrito`, `Concelho`, `PubPriv`) VALUES ('2001', 'Instituto de Promoção Social de Bustos', '01', '14', 'PRI');
INSERT INTO `tblEscolas` (`Escola`, `Descr`, `Distrito`, `Concelho`, `PubPriv`) VALUES ('2002', 'Colégio Liceal de Santa Maria de Lamas', '01', '09', 'PRI');
INSERT INTO `tblEscolas` (`Escola`, `Descr`, `Distrito`, `Concelho`, `PubPriv`) VALUES ('2004', 'Colégio de Nossa Senhora da Assunção', '01', '03', 'PRI');
INSERT INTO `tblEscolas` (`Escola`, `Descr`, `Distrito`, `Concelho`, `PubPriv`) VALUES ('2005', 'Colégio Diocesano de Nossa Senhora da Apresentação', '01', '18', 'PRI');
INSERT INTO `tblEscolas` (`Escola`, `Descr`, `Distrito`, `Concelho`, `PubPriv`) VALUES ('2026', 'Colégio La Salle', '03', '02', 'PRI');
INSERT INTO `tblEscolas` (`Escola`, `Descr`, `Distrito`, `Concelho`, `PubPriv`) VALUES ('2040', 'Colégio de Nossa Senhora da Graça', '02', '11', 'PRI');
INSERT INTO `tblEscolas` (`Escola`, `Descr`, `Distrito`, `Concelho`, `PubPriv`) VALUES ('2075', 'Cooperativa de Ensino Didáxis', '03', '12', 'PRI');
INSERT INTO `tblEscolas` (`Escola`, `Descr`, `Distrito`, `Concelho`, `PubPriv`) VALUES ('2077', 'Colégio D. Diogo de Sousa', '03', '03', 'PRI');
INSERT INTO `tblEscolas` (`Escola`, `Descr`, `Distrito`, `Concelho`, `PubPriv`) VALUES ('2078', 'Externato Carvalho Araújo', '03', '03', 'PRI');
INSERT INTO `tblEscolas` (`Escola`, `Descr`, `Distrito`, `Concelho`, `PubPriv`) VALUES ('2079', 'Externato Delfim Ferreira - Delfinopolis', '03', '12', 'PRI');
INSERT INTO `tblEscolas` (`Escola`, `Descr`, `Distrito`, `Concelho`, `PubPriv`) VALUES ('2080', 'Externato Infante D. Henrique', '03', '03', 'PRI');
INSERT INTO `tblEscolas` (`Escola`, `Descr`, `Distrito`, `Concelho`, `PubPriv`) VALUES ('2081', 'Externato de São Miguel de Refojos', '03', '04', 'PRI');
INSERT INTO `tblEscolas` (`Escola`, `Descr`, `Distrito`, `Concelho`, `PubPriv`) VALUES ('2083', 'Colégio Sezim - Egas Moniz', '03', '08', 'PRI');
INSERT INTO `tblEscolas` (`Escola`, `Descr`, `Distrito`, `Concelho`, `PubPriv`) VALUES ('2084', 'Cooperativa de Ensino DIDALVI - Alvito', '03', '02', 'PRI');
INSERT INTO `tblEscolas` (`Escola`, `Descr`, `Distrito`, `Concelho`, `PubPriv`) VALUES ('2090', 'Escola Cooperativa Vale S. Cosme (Didaxis)', '03', '12', 'PRI');
INSERT INTO `tblEscolas` (`Escola`, `Descr`, `Distrito`, `Concelho`, `PubPriv`) VALUES ('2101', 'Externato de Vila Meã', '13', '01', 'PRI');
INSERT INTO `tblEscolas` (`Escola`, `Descr`, `Distrito`, `Concelho`, `PubPriv`) VALUES ('2127', 'Colégio Torre Dona Chama', '04', '07', 'PRI');
INSERT INTO `tblEscolas` (`Escola`, `Descr`, `Distrito`, `Concelho`, `PubPriv`) VALUES ('2176', 'Instituto Vaz Serra', '05', '09', 'PRI');
INSERT INTO `tblEscolas` (`Escola`, `Descr`, `Distrito`, `Concelho`, `PubPriv`) VALUES ('2177', 'Externato de Nossa Senhora dos Remédios', '05', '03', 'PRI');
INSERT INTO `tblEscolas` (`Escola`, `Descr`, `Distrito`, `Concelho`, `PubPriv`) VALUES ('2179', 'Instituto de S.Tiago - Cooperativa de Ensino, CRL', '05', '08', 'PRI');
INSERT INTO `tblEscolas` (`Escola`, `Descr`, `Distrito`, `Concelho`, `PubPriv`) VALUES ('2201', 'Colégio da Rainha Santa Isabel', '06', '03', 'PRI');
INSERT INTO `tblEscolas` (`Escola`, `Descr`, `Distrito`, `Concelho`, `PubPriv`) VALUES ('2202', 'Colégio de São Teotónio', '06', '03', 'PRI');
INSERT INTO `tblEscolas` (`Escola`, `Descr`, `Distrito`, `Concelho`, `PubPriv`) VALUES ('2204', 'Instituto Pedro Hispano', '06', '15', 'PRI');
INSERT INTO `tblEscolas` (`Escola`, `Descr`, `Distrito`, `Concelho`, `PubPriv`) VALUES ('2207', 'Instituto Inácio Loyola/Colégio da Imaculada Conceição', '06', '03', 'PRI');
INSERT INTO `tblEscolas` (`Escola`, `Descr`, `Distrito`, `Concelho`, `PubPriv`) VALUES ('2210', 'Instituto de Almalaguês', '06', '03', 'PRI');
INSERT INTO `tblEscolas` (`Escola`, `Descr`, `Distrito`, `Concelho`, `PubPriv`) VALUES ('2302', 'Colégio Internacional de Vilamoura', '08', '08', 'PRI');
INSERT INTO `tblEscolas` (`Escola`, `Descr`, `Distrito`, `Concelho`, `PubPriv`) VALUES ('2303', 'Escola Internacional do Algarve', '08', '06', 'PRI');
INSERT INTO `tblEscolas` (`Escola`, `Descr`, `Distrito`, `Concelho`, `PubPriv`) VALUES ('2356', 'Externato de Nossa Senhora de Fátima - Manteigas', '09', '08', 'PRI');
INSERT INTO `tblEscolas` (`Escola`, `Descr`, `Distrito`, `Concelho`, `PubPriv`) VALUES ('2401', 'Externato Cooperativa da Benedita-Inst.NªSrªda Encarnação', '10', '01', 'PRI');
INSERT INTO `tblEscolas` (`Escola`, `Descr`, `Distrito`, `Concelho`, `PubPriv`) VALUES ('2402', 'Externato D. Fuas Roupinho', '10', '11', 'PRI');
INSERT INTO `tblEscolas` (`Escola`, `Descr`, `Distrito`, `Concelho`, `PubPriv`) VALUES ('2403', 'Escola de Formação Social Rural de Marrazes - Leiria', '10', '09', 'PRI');
INSERT INTO `tblEscolas` (`Escola`, `Descr`, `Distrito`, `Concelho`, `PubPriv`) VALUES ('2405', 'Instituto D. João V', '10', '15', 'PRI');
INSERT INTO `tblEscolas` (`Escola`, `Descr`, `Distrito`, `Concelho`, `PubPriv`) VALUES ('2406', 'Colégio Cidade Roda', '10', '15', 'PRI');
INSERT INTO `tblEscolas` (`Escola`, `Descr`, `Distrito`, `Concelho`, `PubPriv`) VALUES ('2407', 'Colégio João de Barros', '10', '15', 'PRI');
INSERT INTO `tblEscolas` (`Escola`, `Descr`, `Distrito`, `Concelho`, `PubPriv`) VALUES ('2411', 'Instituto Educativo do Juncal', '10', '16', 'PRI');
INSERT INTO `tblEscolas` (`Escola`, `Descr`, `Distrito`, `Concelho`, `PubPriv`) VALUES ('2413', 'Colégio Dinis de Melo', '10', '09', 'PRI');
INSERT INTO `tblEscolas` (`Escola`, `Descr`, `Distrito`, `Concelho`, `PubPriv`) VALUES ('2456', 'Colégio São João de Brito', '11', '06', 'PRI');
INSERT INTO `tblEscolas` (`Escola`, `Descr`, `Distrito`, `Concelho`, `PubPriv`) VALUES ('2457', 'Externato Álvares Cabral', '11', '06', 'PRI');
INSERT INTO `tblEscolas` (`Escola`, `Descr`, `Distrito`, `Concelho`, `PubPriv`) VALUES ('2461', 'Externato João Alberto Faria', '11', '02', 'PRI');
INSERT INTO `tblEscolas` (`Escola`, `Descr`, `Distrito`, `Concelho`, `PubPriv`) VALUES ('2466', 'Escola Selecta Prof. Doutor Amadeu Andrés', '11', '06', 'PRI');
INSERT INTO `tblEscolas` (`Escola`, `Descr`, `Distrito`, `Concelho`, `PubPriv`) VALUES ('2470', 'Colégio Mira Rio', '11', '06', 'PRI');
INSERT INTO `tblEscolas` (`Escola`, `Descr`, `Distrito`, `Concelho`, `PubPriv`) VALUES ('2471', 'Colégio Moderno', '11', '06', 'PRI');
INSERT INTO `tblEscolas` (`Escola`, `Descr`, `Distrito`, `Concelho`, `PubPriv`) VALUES ('2472', 'Colégio Valsassina', '11', '06', 'PRI');
INSERT INTO `tblEscolas` (`Escola`, `Descr`, `Distrito`, `Concelho`, `PubPriv`) VALUES ('2473', 'Escola Técnica e Liceal Salesiana Santo António (Estoril)', '11', '05', 'PRI');
INSERT INTO `tblEscolas` (`Escola`, `Descr`, `Distrito`, `Concelho`, `PubPriv`) VALUES ('2474', 'Colégio Oficinas de São José', '11', '06', 'PRI');
INSERT INTO `tblEscolas` (`Escola`, `Descr`, `Distrito`, `Concelho`, `PubPriv`) VALUES ('2479', 'Externato D. Afonso V', '11', '11', 'PRI');
INSERT INTO `tblEscolas` (`Escola`, `Descr`, `Distrito`, `Concelho`, `PubPriv`) VALUES ('2486', 'Colégio Manuel Bernardes', '11', '06', 'PRI');
INSERT INTO `tblEscolas` (`Escola`, `Descr`, `Distrito`, `Concelho`, `PubPriv`) VALUES ('2487', 'Colégio do Sagrado Coração de Maria', '11', '06', 'PRI');
INSERT INTO `tblEscolas` (`Escola`, `Descr`, `Distrito`, `Concelho`, `PubPriv`) VALUES ('2510', 'Colégio Maristas de Carcavelos', '11', '05', 'PRI');
INSERT INTO `tblEscolas` (`Escola`, `Descr`, `Distrito`, `Concelho`, `PubPriv`) VALUES ('2516', 'Colégio do Amor de Deus', '11', '05', 'PRI');
INSERT INTO `tblEscolas` (`Escola`, `Descr`, `Distrito`, `Concelho`, `PubPriv`) VALUES ('2519', 'Escola Salesiana de Manique', '11', '05', 'PRI');
INSERT INTO `tblEscolas` (`Escola`, `Descr`, `Distrito`, `Concelho`, `PubPriv`) VALUES ('2523', 'Academia de Música de Santa Cecília', '11', '06', 'PRI');
INSERT INTO `tblEscolas` (`Escola`, `Descr`, `Distrito`, `Concelho`, `PubPriv`) VALUES ('2525', 'Colégio de Santa Doroteia', '11', '06', 'PRI');
INSERT INTO `tblEscolas` (`Escola`, `Descr`, `Distrito`, `Concelho`, `PubPriv`) VALUES ('2534', 'Externato Marista de Lisboa', '11', '06', 'PRI');
INSERT INTO `tblEscolas` (`Escola`, `Descr`, `Distrito`, `Concelho`, `PubPriv`) VALUES ('2538', 'Colégio Bartolomeu Dias', '11', '07', 'PRI');
INSERT INTO `tblEscolas` (`Escola`, `Descr`, `Distrito`, `Concelho`, `PubPriv`) VALUES ('2539', 'Externato Flor do Campo', '11', '16', 'PRI');
INSERT INTO `tblEscolas` (`Escola`, `Descr`, `Distrito`, `Concelho`, `PubPriv`) VALUES ('2543', 'Instituto de Ciências Educativas', '11', '16', 'PRI');
INSERT INTO `tblEscolas` (`Escola`, `Descr`, `Distrito`, `Concelho`, `PubPriv`) VALUES ('2548', 'Externato de Penafirme', '11', '13', 'PRI');
INSERT INTO `tblEscolas` (`Escola`, `Descr`, `Distrito`, `Concelho`, `PubPriv`) VALUES ('2549', 'Colégio D. Filipa', '11', '15', 'PRI');
INSERT INTO `tblEscolas` (`Escola`, `Descr`, `Distrito`, `Concelho`, `PubPriv`) VALUES ('2566', 'Centro de Educação Integral', '01', '16', 'PRI');
INSERT INTO `tblEscolas` (`Escola`, `Descr`, `Distrito`, `Concelho`, `PubPriv`) VALUES ('2567', 'Centro de Estudos Educativos de Ançã', '06', '02', 'PRI');
INSERT INTO `tblEscolas` (`Escola`, `Descr`, `Distrito`, `Concelho`, `PubPriv`) VALUES ('2570', 'Colégio Dr. Luís Pereira da Costa', '10', '09', 'PRI');
INSERT INTO `tblEscolas` (`Escola`, `Descr`, `Distrito`, `Concelho`, `PubPriv`) VALUES ('2574', 'Externato Capitão Santiago de Carvalho', '05', '04', 'PRI');
INSERT INTO `tblEscolas` (`Escola`, `Descr`, `Distrito`, `Concelho`, `PubPriv`) VALUES ('2579', 'Instituto Educativo de Souselas', '06', '03', 'PRI');
INSERT INTO `tblEscolas` (`Escola`, `Descr`, `Distrito`, `Concelho`, `PubPriv`) VALUES ('2600', 'Instituto Nun\'Álvares - Santo Tirso', '13', '14', 'PRI');
INSERT INTO `tblEscolas` (`Escola`, `Descr`, `Distrito`, `Concelho`, `PubPriv`) VALUES ('2601', 'Colégio São Gonçalo', '13', '01', 'PRI');
INSERT INTO `tblEscolas` (`Escola`, `Descr`, `Distrito`, `Concelho`, `PubPriv`) VALUES ('2602', 'Colégio Internato dos Carvalhos', '13', '17', 'PRI');
INSERT INTO `tblEscolas` (`Escola`, `Descr`, `Distrito`, `Concelho`, `PubPriv`) VALUES ('2603', 'Colégio Cedros', '13', '17', 'PRI');
INSERT INTO `tblEscolas` (`Escola`, `Descr`, `Distrito`, `Concelho`, `PubPriv`) VALUES ('2605', 'Centro de Estudos Básico e Secundário - CEBES', '13', '12', 'PRI');
INSERT INTO `tblEscolas` (`Escola`, `Descr`, `Distrito`, `Concelho`, `PubPriv`) VALUES ('2606', 'Colégio D. Duarte', '13', '12', 'PRI');
INSERT INTO `tblEscolas` (`Escola`, `Descr`, `Distrito`, `Concelho`, `PubPriv`) VALUES ('2608', 'Colégio Ellen Key', '13', '12', 'PRI');
INSERT INTO `tblEscolas` (`Escola`, `Descr`, `Distrito`, `Concelho`, `PubPriv`) VALUES ('2612', 'Colégio Luso-Francês', '13', '12', 'PRI');
INSERT INTO `tblEscolas` (`Escola`, `Descr`, `Distrito`, `Concelho`, `PubPriv`) VALUES ('2613', 'Colégio de Gaia', '13', '17', 'PRI');
INSERT INTO `tblEscolas` (`Escola`, `Descr`, `Distrito`, `Concelho`, `PubPriv`) VALUES ('2614', 'Colégio Nossa Senhora do Rosário', '13', '12', 'PRI');
INSERT INTO `tblEscolas` (`Escola`, `Descr`, `Distrito`, `Concelho`, `PubPriv`) VALUES ('2615', 'Externato Ribadouro', '13', '12', 'PRI');
INSERT INTO `tblEscolas` (`Escola`, `Descr`, `Distrito`, `Concelho`, `PubPriv`) VALUES ('2616', 'Grande Colégio Universal', '13', '12', 'PRI');
INSERT INTO `tblEscolas` (`Escola`, `Descr`, `Distrito`, `Concelho`, `PubPriv`) VALUES ('2617', 'Colégio D. Dinis (Stª Catarina)', '13', '12', 'PRI');
INSERT INTO `tblEscolas` (`Escola`, `Descr`, `Distrito`, `Concelho`, `PubPriv`) VALUES ('2621', 'Externato Académico', '13', '12', 'PRI');
INSERT INTO `tblEscolas` (`Escola`, `Descr`, `Distrito`, `Concelho`, `PubPriv`) VALUES ('2624', 'Colégio Nossa Senhora da Bonança', '13', '17', 'PRI');
INSERT INTO `tblEscolas` (`Escola`, `Descr`, `Distrito`, `Concelho`, `PubPriv`) VALUES ('2630', 'Colégio Salesianos Porto', '13', '12', 'PRI');
INSERT INTO `tblEscolas` (`Escola`, `Descr`, `Distrito`, `Concelho`, `PubPriv`) VALUES ('2633', 'Colégio Horizonte', '13', '12', 'PRI');
INSERT INTO `tblEscolas` (`Escola`, `Descr`, `Distrito`, `Concelho`, `PubPriv`) VALUES ('2634', 'Instituto de Educação e Desenvolvimento - INED', '13', '06', 'PRI');
INSERT INTO `tblEscolas` (`Escola`, `Descr`, `Distrito`, `Concelho`, `PubPriv`) VALUES ('2639', 'Colégio D. Dinis (Antº. Carneiro)', '13', '12', 'PRI');
INSERT INTO `tblEscolas` (`Escola`, `Descr`, `Distrito`, `Concelho`, `PubPriv`) VALUES ('2652', 'Externato Camões', '13', '04', 'PRI');
INSERT INTO `tblEscolas` (`Escola`, `Descr`, `Distrito`, `Concelho`, `PubPriv`) VALUES ('2653', 'Externato Paulo VI', '13', '04', 'PRI');
INSERT INTO `tblEscolas` (`Escola`, `Descr`, `Distrito`, `Concelho`, `PubPriv`) VALUES ('2655', 'Colégio Liverpool', '13', '12', 'PRI');
INSERT INTO `tblEscolas` (`Escola`, `Descr`, `Distrito`, `Concelho`, `PubPriv`) VALUES ('2663', 'Colégio de São Martinho', '06', '03', 'PRI');
INSERT INTO `tblEscolas` (`Escola`, `Descr`, `Distrito`, `Concelho`, `PubPriv`) VALUES ('2665', 'Colégio Campo de Flores', '15', '03', 'PRI');
INSERT INTO `tblEscolas` (`Escola`, `Descr`, `Distrito`, `Concelho`, `PubPriv`) VALUES ('2701', 'Centro de Estudos de Fátima - CEF', '14', '21', 'PRI');
INSERT INTO `tblEscolas` (`Escola`, `Descr`, `Distrito`, `Concelho`, `PubPriv`) VALUES ('2702', 'Colégio São Miguel', '14', '21', 'PRI');
INSERT INTO `tblEscolas` (`Escola`, `Descr`, `Distrito`, `Concelho`, `PubPriv`) VALUES ('2750', 'Externato Frei Luís de Sousa', '15', '03', 'PRI');
INSERT INTO `tblEscolas` (`Escola`, `Descr`, `Distrito`, `Concelho`, `PubPriv`) VALUES ('2800', 'Cooperativa de Ensino Ancorensis', '16', '02', 'PRI');
INSERT INTO `tblEscolas` (`Escola`, `Descr`, `Distrito`, `Concelho`, `PubPriv`) VALUES ('2801', 'Colégio de Campos', '16', '10', 'PRI');
INSERT INTO `tblEscolas` (`Escola`, `Descr`, `Distrito`, `Concelho`, `PubPriv`) VALUES ('2851', 'Colégio de Nossa Senhora da Boavista', '17', '14', 'PRI');
INSERT INTO `tblEscolas` (`Escola`, `Descr`, `Distrito`, `Concelho`, `PubPriv`) VALUES ('2900', 'Externato D. Afonso Henriques', '18', '13', 'PRI');
INSERT INTO `tblEscolas` (`Escola`, `Descr`, `Distrito`, `Concelho`, `PubPriv`) VALUES ('2901', 'Escola de Formação Social Rural de Lamego', '18', '05', 'PRI');
INSERT INTO `tblEscolas` (`Escola`, `Descr`, `Distrito`, `Concelho`, `PubPriv`) VALUES ('2904', 'Colégio de Lamego', '18', '05', 'PRI');
INSERT INTO `tblEscolas` (`Escola`, `Descr`, `Distrito`, `Concelho`, `PubPriv`) VALUES ('2910', 'Escola INED - Nevogilde', '13', '12', 'PRI');
INSERT INTO `tblEscolas` (`Escola`, `Descr`, `Distrito`, `Concelho`, `PubPriv`) VALUES ('2911', 'Colégio Nossa Senhora da Esperança', '13', '12', 'PRI');
INSERT INTO `tblEscolas` (`Escola`, `Descr`, `Distrito`, `Concelho`, `PubPriv`) VALUES ('2913', 'Colégio St. Peter\'s School', '15', '08', 'PRI');
INSERT INTO `tblEscolas` (`Escola`, `Descr`, `Distrito`, `Concelho`, `PubPriv`) VALUES ('2914', 'Colégio Santo André', '11', '09', 'PRI');
INSERT INTO `tblEscolas` (`Escola`, `Descr`, `Distrito`, `Concelho`, `PubPriv`) VALUES ('2915', 'Colégio Rainha D. Leonor', '10', '06', 'PRI');
INSERT INTO `tblEscolas` (`Escola`, `Descr`, `Distrito`, `Concelho`, `PubPriv`) VALUES ('2916', 'Colégio Miramar', '11', '09', 'PRI');
INSERT INTO `tblEscolas` (`Escola`, `Descr`, `Distrito`, `Concelho`, `PubPriv`) VALUES ('2918', 'Colégio de Amorim', '13', '13', 'PRI');
INSERT INTO `tblEscolas` (`Escola`, `Descr`, `Distrito`, `Concelho`, `PubPriv`) VALUES ('2919', 'Colégio Casa Mãe', '13', '10', 'PRI');
INSERT INTO `tblEscolas` (`Escola`, `Descr`, `Distrito`, `Concelho`, `PubPriv`) VALUES ('2921', 'Colégio Guadalupe', '15', '10', 'PRI');
INSERT INTO `tblEscolas` (`Escola`, `Descr`, `Distrito`, `Concelho`, `PubPriv`) VALUES ('2922', 'Colégio São Tomás', '11', '06', 'PRI');
INSERT INTO `tblEscolas` (`Escola`, `Descr`, `Distrito`, `Concelho`, `PubPriv`) VALUES ('2925', 'Colégio da Trofa', '13', '18', 'PRI');
INSERT INTO `tblEscolas` (`Escola`, `Descr`, `Distrito`, `Concelho`, `PubPriv`) VALUES ('2926', 'Colégio Euroatlântico', '13', '08', 'PRI');
INSERT INTO `tblEscolas` (`Escola`, `Descr`, `Distrito`, `Concelho`, `PubPriv`) VALUES ('2927', 'Colégio do Castanheiro', '19', '23', 'PRI');
INSERT INTO `tblEscolas` (`Escola`, `Descr`, `Distrito`, `Concelho`, `PubPriv`) VALUES ('2928', 'Externato Júlio Dinis', '13', '12', 'PRI');
INSERT INTO `tblEscolas` (`Escola`, `Descr`, `Distrito`, `Concelho`, `PubPriv`) VALUES ('2929', 'Colégio Terras de Santa Maria', '01', '09', 'PRI');
INSERT INTO `tblEscolas` (`Escola`, `Descr`, `Distrito`, `Concelho`, `PubPriv`) VALUES ('2930', 'Colégio Arautos do Evangelho ', '03', '08', 'PRI');
INSERT INTO `tblEscolas` (`Escola`, `Descr`, `Distrito`, `Concelho`, `PubPriv`) VALUES ('2931', 'Colégio do Minho', '16', '09', 'PRI');
INSERT INTO `tblEscolas` (`Escola`, `Descr`, `Distrito`, `Concelho`, `PubPriv`) VALUES ('2932', 'Colégio Pedro Arrupe', '11', '06', 'PRI');
INSERT INTO `tblEscolas` (`Escola`, `Descr`, `Distrito`, `Concelho`, `PubPriv`) VALUES ('2933', 'Colégio João Paulo II', '03', '03', 'PRI');
INSERT INTO `tblEscolas` (`Escola`, `Descr`, `Distrito`, `Concelho`, `PubPriv`) VALUES ('2934', 'Colégio Nossa Senhora da Paz', '13', '12', 'PRI');
INSERT INTO `tblEscolas` (`Escola`, `Descr`, `Distrito`, `Concelho`, `PubPriv`) VALUES ('2935', 'Academia de Música Costa Cabral', '13', '12', 'PRI');
INSERT INTO `tblEscolas` (`Escola`, `Descr`, `Distrito`, `Concelho`, `PubPriv`) VALUES ('2936', 'Colégio Novo da Maia', '13', '06', 'PRI');
INSERT INTO `tblEscolas` (`Escola`, `Descr`, `Distrito`, `Concelho`, `PubPriv`) VALUES ('2938', 'Colégio da Imaculada Conceição', '18', '05', 'PRI');
INSERT INTO `tblEscolas` (`Escola`, `Descr`, `Distrito`, `Concelho`, `PubPriv`) VALUES ('2939', 'Escola Internacional de Torres Vedras', '11', '13', 'PRI');
INSERT INTO `tblEscolas` (`Escola`, `Descr`, `Distrito`, `Concelho`, `PubPriv`) VALUES ('2940', 'Colégio Integrado de Monte Maior', '11', '07', 'PRI');
INSERT INTO `tblEscolas` (`Escola`, `Descr`, `Distrito`, `Concelho`, `PubPriv`) VALUES ('4001', 'Colégio Militar', '11', '06', 'PUB');
INSERT INTO `tblEscolas` (`Escola`, `Descr`, `Distrito`, `Concelho`, `PubPriv`) VALUES ('4002', 'Instituto Militar dos Pupilos do Exército', '11', '06', 'PUB');
INSERT INTO `tblEscolas` (`Escola`, `Descr`, `Distrito`, `Concelho`, `PubPriv`) VALUES ('4003', 'Instituto de Odivelas', '11', '16', 'PUB');
INSERT INTO `tblEscolas` (`Escola`, `Descr`, `Distrito`, `Concelho`, `PubPriv`) VALUES ('5002', 'Escola Portuguesa de Macau', '99', '99', 'PRI');
INSERT INTO `tblEscolas` (`Escola`, `Descr`, `Distrito`, `Concelho`, `PubPriv`) VALUES ('7000', 'Escola Portuguesa de Luanda - Centro de Ensino e Língua Portuguesa', '99', '99', 'PRI');
INSERT INTO `tblEscolas` (`Escola`, `Descr`, `Distrito`, `Concelho`, `PubPriv`) VALUES ('7003', 'Escola Portuguesa da Guiné-Bissau', '99', '99', 'PRI');
INSERT INTO `tblEscolas` (`Escola`, `Descr`, `Distrito`, `Concelho`, `PubPriv`) VALUES ('7005', 'Escola Portuguesa de Moçambique - CELP', '99', '99', 'PRI');
INSERT INTO `tblEscolas` (`Escola`, `Descr`, `Distrito`, `Concelho`, `PubPriv`) VALUES ('7015', 'Escola Portuguesa do Lubango', '99', '99', 'PRI');
INSERT INTO `tblEscolas` (`Escola`, `Descr`, `Distrito`, `Concelho`, `PubPriv`) VALUES ('7020', 'Escola Portuguesa de Díli', '99', '99', 'PRI');
INSERT INTO `tblEscolas` (`Escola`, `Descr`, `Distrito`, `Concelho`, `PubPriv`) VALUES ('7029', 'Instituto Diocesano de Formação João Paulo II', '99', '99', 'PRI');
# 637 records

#
# Table structure for table 'tblExames'
#

DROP TABLE IF EXISTS `tblExames`;

CREATE TABLE `tblExames` (
  `Exame` VARCHAR(3) NOT NULL, 
  `Descr` VARCHAR(35) NOT NULL, 
  PRIMARY KEY (`Exame`)
) ENGINE=myisam DEFAULT CHARSET=utf8;

SET autocommit=1;

#
# Dumping data for table 'tblExames'
#

INSERT INTO `tblExames` (`Exame`, `Descr`) VALUES ('239', 'Português');
INSERT INTO `tblExames` (`Exame`, `Descr`) VALUES ('501', 'Alemão');
INSERT INTO `tblExames` (`Exame`, `Descr`) VALUES ('517', 'Francês');
INSERT INTO `tblExames` (`Exame`, `Descr`) VALUES ('547', 'Espanhol');
INSERT INTO `tblExames` (`Exame`, `Descr`) VALUES ('550', 'Inglês');
INSERT INTO `tblExames` (`Exame`, `Descr`) VALUES ('623', 'História A');
INSERT INTO `tblExames` (`Exame`, `Descr`) VALUES ('635', 'Matemática A');
INSERT INTO `tblExames` (`Exame`, `Descr`) VALUES ('639', 'Português');
INSERT INTO `tblExames` (`Exame`, `Descr`) VALUES ('702', 'Biologia e Geologia');
INSERT INTO `tblExames` (`Exame`, `Descr`) VALUES ('706', 'Desenho A');
INSERT INTO `tblExames` (`Exame`, `Descr`) VALUES ('708', 'Geometria Descritiva A');
INSERT INTO `tblExames` (`Exame`, `Descr`) VALUES ('712', 'Economia A');
INSERT INTO `tblExames` (`Exame`, `Descr`) VALUES ('714', 'Filosofia');
INSERT INTO `tblExames` (`Exame`, `Descr`) VALUES ('715', 'Física e Química A');
INSERT INTO `tblExames` (`Exame`, `Descr`) VALUES ('719', 'Geografia A');
INSERT INTO `tblExames` (`Exame`, `Descr`) VALUES ('723', 'História B');
INSERT INTO `tblExames` (`Exame`, `Descr`) VALUES ('724', 'História da Cultura e das Artes');
INSERT INTO `tblExames` (`Exame`, `Descr`) VALUES ('732', 'Latim A');
INSERT INTO `tblExames` (`Exame`, `Descr`) VALUES ('734', 'Literatura Portuguesa');
INSERT INTO `tblExames` (`Exame`, `Descr`) VALUES ('735', 'Matemática B');
INSERT INTO `tblExames` (`Exame`, `Descr`) VALUES ('739', 'PLNM iniciação');
INSERT INTO `tblExames` (`Exame`, `Descr`) VALUES ('835', 'Matemática Aplic. às Ciências Soc.');
INSERT INTO `tblExames` (`Exame`, `Descr`) VALUES ('839', 'PLNM intermédio');
# 23 records

#
# Table structure for table 'tblHomologa_2013'
#

DROP TABLE IF EXISTS `tblHomologa_2013`;

CREATE TABLE `tblHomologa_2013` (
  `ID` INTEGER NOT NULL AUTO_INCREMENT, 
  `Escola` VARCHAR(4), 
  `Fase` VARCHAR(1), 
  `Exame` VARCHAR(3), 
  `ParaAprov` VARCHAR(1), 
  `Interno` VARCHAR(1), 
  `ParaMelhoria` VARCHAR(1), 
  `ParaIngresso` VARCHAR(1), 
  `TemInterno` VARCHAR(1), 
  `Sexo` VARCHAR(1), 
  `Idade` TINYINT(3) UNSIGNED, 
  `Curso` VARCHAR(3), 
  `CIF` TINYINT(3) UNSIGNED, 
  `Class_Exam` TINYINT(3) UNSIGNED, 
  `CFD` TINYINT(3) UNSIGNED, 
  PRIMARY KEY (`ID`)
) ENGINE=myisam DEFAULT CHARSET=utf8;

SET autocommit=1;

#
# Dumping data for table 'tblHomologa_2013'
#

INSERT INTO `tblHomologa_2013` (`ID`, `Escola`, `Fase`, `Exame`, `ParaAprov`, `Interno`, `ParaMelhoria`, `ParaIngresso`, `TemInterno`, `Sexo`, `Idade`, `Curso`, `CIF`, `Class_Exam`, `CFD`) VALUES (1, '0002', '1', '639', 'N', 'N', 'N', 'S', 'N', 'F', 19, '966', NULL, 77, 8);
INSERT INTO `tblHomologa_2013` (`ID`, `Escola`, `Fase`, `Exame`, `ParaAprov`, `Interno`, `ParaMelhoria`, `ParaIngresso`, `TemInterno`, `Sexo`, `Idade`, `Curso`, `CIF`, `Class_Exam`, `CFD`) VALUES (2, '0002', '1', '639', 'S', 'S', 'N', 'S', 'S', 'F', 19, 'C64', 12, 55, 10);
INSERT INTO `tblHomologa_2013` (`ID`, `Escola`, `Fase`, `Exame`, `ParaAprov`, `Interno`, `ParaMelhoria`, `ParaIngresso`, `TemInterno`, `Sexo`, `Idade`, `Curso`, `CIF`, `Class_Exam`, `CFD`) VALUES (3, '0002', '1', '639', 'S', 'S', 'N', 'S', 'S', 'F', 18, 'C62', 11, 75, 10);
INSERT INTO `tblHomologa_2013` (`ID`, `Escola`, `Fase`, `Exame`, `ParaAprov`, `Interno`, `ParaMelhoria`, `ParaIngresso`, `TemInterno`, `Sexo`, `Idade`, `Curso`, `CIF`, `Class_Exam`, `CFD`) VALUES (4, '0002', '1', '639', 'S', 'S', 'N', 'S', 'S', 'F', 17, 'C64', 12, 65, 11);
INSERT INTO `tblHomologa_2013` (`ID`, `Escola`, `Fase`, `Exame`, `ParaAprov`, `Interno`, `ParaMelhoria`, `ParaIngresso`, `TemInterno`, `Sexo`, `Idade`, `Curso`, `CIF`, `Class_Exam`, `CFD`) VALUES (5, '0002', '1', '639', 'N', 'N', 'N', 'S', 'N', 'F', 18, 'P18', NULL, 46, 5);
INSERT INTO `tblHomologa_2013` (`ID`, `Escola`, `Fase`, `Exame`, `ParaAprov`, `Interno`, `ParaMelhoria`, `ParaIngresso`, `TemInterno`, `Sexo`, `Idade`, `Curso`, `CIF`, `Class_Exam`, `CFD`) VALUES (6, '0002', '1', '639', 'S', 'S', 'N', 'S', 'S', 'F', 17, 'C60', 17, 130, 16);
INSERT INTO `tblHomologa_2013` (`ID`, `Escola`, `Fase`, `Exame`, `ParaAprov`, `Interno`, `ParaMelhoria`, `ParaIngresso`, `TemInterno`, `Sexo`, `Idade`, `Curso`, `CIF`, `Class_Exam`, `CFD`) VALUES (7, '0002', '1', '639', 'S', 'S', 'N', 'S', 'S', 'F', 18, 'C62', 17, 117, 16);
INSERT INTO `tblHomologa_2013` (`ID`, `Escola`, `Fase`, `Exame`, `ParaAprov`, `Interno`, `ParaMelhoria`, `ParaIngresso`, `TemInterno`, `Sexo`, `Idade`, `Curso`, `CIF`, `Class_Exam`, `CFD`) VALUES (8, '0002', '1', '639', 'S', 'S', 'N', 'S', 'S', 'F', 20, 'C62', 12, 76, 11);
INSERT INTO `tblHomologa_2013` (`ID`, `Escola`, `Fase`, `Exame`, `ParaAprov`, `Interno`, `ParaMelhoria`, `ParaIngresso`, `TemInterno`, `Sexo`, `Idade`, `Curso`, `CIF`, `Class_Exam`, `CFD`) VALUES (9, '0002', '1', '639', 'N', 'N', 'N', 'S', 'N', 'F', 24, '810', NULL, 65, 7);
INSERT INTO `tblHomologa_2013` (`ID`, `Escola`, `Fase`, `Exame`, `ParaAprov`, `Interno`, `ParaMelhoria`, `ParaIngresso`, `TemInterno`, `Sexo`, `Idade`, `Curso`, `CIF`, `Class_Exam`, `CFD`) VALUES (10, '0002', '1', '639', 'S', 'S', 'N', 'S', 'S', 'F', 17, 'C64', 13, 91, 12);
INSERT INTO `tblHomologa_2013` (`ID`, `Escola`, `Fase`, `Exame`, `ParaAprov`, `Interno`, `ParaMelhoria`, `ParaIngresso`, `TemInterno`, `Sexo`, `Idade`, `Curso`, `CIF`, `Class_Exam`, `CFD`) VALUES (11, '0002', '1', '639', 'S', 'S', 'N', 'S', 'S', 'F', 17, 'C60', 15, 95, 14);
INSERT INTO `tblHomologa_2013` (`ID`, `Escola`, `Fase`, `Exame`, `ParaAprov`, `Interno`, `ParaMelhoria`, `ParaIngresso`, `TemInterno`, `Sexo`, `Idade`, `Curso`, `CIF`, `Class_Exam`, `CFD`) VALUES (12, '0002', '1', '639', 'S', 'S', 'N', 'S', 'S', 'F', 17, 'C60', 13, 66, 11);
INSERT INTO `tblHomologa_2013` (`ID`, `Escola`, `Fase`, `Exame`, `ParaAprov`, `Interno`, `ParaMelhoria`, `ParaIngresso`, `TemInterno`, `Sexo`, `Idade`, `Curso`, `CIF`, `Class_Exam`, `CFD`) VALUES (13, '0002', '1', '639', 'S', 'S', 'N', 'S', 'S', 'F', 17, 'C62', 11, 97, 11);
INSERT INTO `tblHomologa_2013` (`ID`, `Escola`, `Fase`, `Exame`, `ParaAprov`, `Interno`, `ParaMelhoria`, `ParaIngresso`, `TemInterno`, `Sexo`, `Idade`, `Curso`, `CIF`, `Class_Exam`, `CFD`) VALUES (14, '0002', '1', '639', 'S', 'S', 'N', 'S', 'S', 'M', 18, 'C62', 11, 65, 10);
INSERT INTO `tblHomologa_2013` (`ID`, `Escola`, `Fase`, `Exame`, `ParaAprov`, `Interno`, `ParaMelhoria`, `ParaIngresso`, `TemInterno`, `Sexo`, `Idade`, `Curso`, `CIF`, `Class_Exam`, `CFD`) VALUES (15, '0002', '1', '639', 'N', 'N', 'N', 'S', 'N', 'M', 17, 'P56', NULL, 66, 7);
INSERT INTO `tblHomologa_2013` (`ID`, `Escola`, `Fase`, `Exame`, `ParaAprov`, `Interno`, `ParaMelhoria`, `ParaIngresso`, `TemInterno`, `Sexo`, `Idade`, `Curso`, `CIF`, `Class_Exam`, `CFD`) VALUES (16, '0002', '1', '639', 'S', 'S', 'N', 'S', 'S', 'M', 18, 'C60', 11, 88, 10);
INSERT INTO `tblHomologa_2013` (`ID`, `Escola`, `Fase`, `Exame`, `ParaAprov`, `Interno`, `ParaMelhoria`, `ParaIngresso`, `TemInterno`, `Sexo`, `Idade`, `Curso`, `CIF`, `Class_Exam`, `CFD`) VALUES (17, '0002', '1', '639', 'N', 'N', 'N', 'S', 'N', 'F', 17, 'P28', NULL, 85, 9);
INSERT INTO `tblHomologa_2013` (`ID`, `Escola`, `Fase`, `Exame`, `ParaAprov`, `Interno`, `ParaMelhoria`, `ParaIngresso`, `TemInterno`, `Sexo`, `Idade`, `Curso`, `CIF`, `Class_Exam`, `CFD`) VALUES (18, '0002', '1', '639', 'S', 'S', 'N', 'S', 'S', 'F', 17, 'C60', 13, 65, 11);
INSERT INTO `tblHomologa_2013` (`ID`, `Escola`, `Fase`, `Exame`, `ParaAprov`, `Interno`, `ParaMelhoria`, `ParaIngresso`, `TemInterno`, `Sexo`, `Idade`, `Curso`, `CIF`, `Class_Exam`, `CFD`) VALUES (19, '0002', '1', '639', 'S', 'S', 'N', 'S', 'S', 'F', 17, 'C64', 11, 51, 9);
INSERT INTO `tblHomologa_2013` (`ID`, `Escola`, `Fase`, `Exame`, `ParaAprov`, `Interno`, `ParaMelhoria`, `ParaIngresso`, `TemInterno`, `Sexo`, `Idade`, `Curso`, `CIF`, `Class_Exam`, `CFD`) VALUES (20, '0002', '1', '639', 'S', 'S', 'N', 'S', 'S', 'F', 18, 'C64', 11, 39, 9);
INSERT INTO `tblHomologa_2013` (`ID`, `Escola`, `Fase`, `Exame`, `ParaAprov`, `Interno`, `ParaMelhoria`, `ParaIngresso`, `TemInterno`, `Sexo`, `Idade`, `Curso`, `CIF`, `Class_Exam`, `CFD`) VALUES (21, '0002', '1', '639', 'N', 'N', 'N', 'S', 'N', 'F', 18, 'P01', NULL, 56, 6);
INSERT INTO `tblHomologa_2013` (`ID`, `Escola`, `Fase`, `Exame`, `ParaAprov`, `Interno`, `ParaMelhoria`, `ParaIngresso`, `TemInterno`, `Sexo`, `Idade`, `Curso`, `CIF`, `Class_Exam`, `CFD`) VALUES (22, '0002', '1', '639', 'S', 'S', 'N', 'S', 'S', 'F', 17, 'C62', 18, 157, 17);
INSERT INTO `tblHomologa_2013` (`ID`, `Escola`, `Fase`, `Exame`, `ParaAprov`, `Interno`, `ParaMelhoria`, `ParaIngresso`, `TemInterno`, `Sexo`, `Idade`, `Curso`, `CIF`, `Class_Exam`, `CFD`) VALUES (23, '0002', '1', '639', 'S', 'S', 'N', 'S', 'S', 'F', 18, 'C64', 14, 90, 13);
INSERT INTO `tblHomologa_2013` (`ID`, `Escola`, `Fase`, `Exame`, `ParaAprov`, `Interno`, `ParaMelhoria`, `ParaIngresso`, `TemInterno`, `Sexo`, `Idade`, `Curso`, `CIF`, `Class_Exam`, `CFD`) VALUES (24, '0002', '1', '639', 'S', 'S', 'N', 'S', 'S', 'F', 17, 'C62', 11, 80, 10);
INSERT INTO `tblHomologa_2013` (`ID`, `Escola`, `Fase`, `Exame`, `ParaAprov`, `Interno`, `ParaMelhoria`, `ParaIngresso`, `TemInterno`, `Sexo`, `Idade`, `Curso`, `CIF`, `Class_Exam`, `CFD`) VALUES (25, '0002', '1', '639', 'N', 'N', 'S', 'S', 'N', 'M', 18, 'C60', NULL, 55, 6);
INSERT INTO `tblHomologa_2013` (`ID`, `Escola`, `Fase`, `Exame`, `ParaAprov`, `Interno`, `ParaMelhoria`, `ParaIngresso`, `TemInterno`, `Sexo`, `Idade`, `Curso`, `CIF`, `Class_Exam`, `CFD`) VALUES (26, '0002', '1', '639', 'S', 'S', 'N', 'S', 'S', 'F', 17, 'C60', 17, 139, 16);
INSERT INTO `tblHomologa_2013` (`ID`, `Escola`, `Fase`, `Exame`, `ParaAprov`, `Interno`, `ParaMelhoria`, `ParaIngresso`, `TemInterno`, `Sexo`, `Idade`, `Curso`, `CIF`, `Class_Exam`, `CFD`) VALUES (27, '0002', '1', '639', 'N', 'N', 'N', 'S', 'N', 'F', 19, '970', NULL, 86, 9);
INSERT INTO `tblHomologa_2013` (`ID`, `Escola`, `Fase`, `Exame`, `ParaAprov`, `Interno`, `ParaMelhoria`, `ParaIngresso`, `TemInterno`, `Sexo`, `Idade`, `Curso`, `CIF`, `Class_Exam`, `CFD`) VALUES (28, '0002', '1', '639', 'S', 'S', 'N', 'S', 'S', 'F', 17, 'C64', 11, 48, 9);
INSERT INTO `tblHomologa_2013` (`ID`, `Escola`, `Fase`, `Exame`, `ParaAprov`, `Interno`, `ParaMelhoria`, `ParaIngresso`, `TemInterno`, `Sexo`, `Idade`, `Curso`, `CIF`, `Class_Exam`, `CFD`) VALUES (29, '0002', '1', '639', 'S', 'S', 'N', 'S', 'S', 'F', 17, 'C64', 12, 77, 11);
INSERT INTO `tblHomologa_2013` (`ID`, `Escola`, `Fase`, `Exame`, `ParaAprov`, `Interno`, `ParaMelhoria`, `ParaIngresso`, `TemInterno`, `Sexo`, `Idade`, `Curso`, `CIF`, `Class_Exam`, `CFD`) VALUES (30, '0002', '1', '639', 'N', 'N', 'N', 'S', 'N', 'F', 18, '381', NULL, 75, 8);
INSERT INTO `tblHomologa_2013` (`ID`, `Escola`, `Fase`, `Exame`, `ParaAprov`, `Interno`, `ParaMelhoria`, `ParaIngresso`, `TemInterno`, `Sexo`, `Idade`, `Curso`, `CIF`, `Class_Exam`, `CFD`) VALUES (31, '0002', '1', '639', 'N', 'N', 'S', 'S', 'N', 'F', 18, 'C62', NULL, 100, 10);
INSERT INTO `tblHomologa_2013` (`ID`, `Escola`, `Fase`, `Exame`, `ParaAprov`, `Interno`, `ParaMelhoria`, `ParaIngresso`, `TemInterno`, `Sexo`, `Idade`, `Curso`, `CIF`, `Class_Exam`, `CFD`) VALUES (32, '0002', '1', '639', 'S', 'S', 'N', 'S', 'S', 'F', 17, 'C64', 14, 96, 13);
INSERT INTO `tblHomologa_2013` (`ID`, `Escola`, `Fase`, `Exame`, `ParaAprov`, `Interno`, `ParaMelhoria`, `ParaIngresso`, `TemInterno`, `Sexo`, `Idade`, `Curso`, `CIF`, `Class_Exam`, `CFD`) VALUES (33, '0002', '1', '639', 'S', 'S', 'N', 'S', 'S', 'M', 18, 'C60', 11, 56, 10);
INSERT INTO `tblHomologa_2013` (`ID`, `Escola`, `Fase`, `Exame`, `ParaAprov`, `Interno`, `ParaMelhoria`, `ParaIngresso`, `TemInterno`, `Sexo`, `Idade`, `Curso`, `CIF`, `Class_Exam`, `CFD`) VALUES (34, '0002', '1', '639', 'N', 'N', 'N', 'S', 'N', 'M', 17, '089', NULL, 101, 10);
INSERT INTO `tblHomologa_2013` (`ID`, `Escola`, `Fase`, `Exame`, `ParaAprov`, `Interno`, `ParaMelhoria`, `ParaIngresso`, `TemInterno`, `Sexo`, `Idade`, `Curso`, `CIF`, `Class_Exam`, `CFD`) VALUES (35, '0002', '1', '639', 'S', 'S', 'N', 'S', 'S', 'M', 17, 'C60', 14, 106, 13);
INSERT INTO `tblHomologa_2013` (`ID`, `Escola`, `Fase`, `Exame`, `ParaAprov`, `Interno`, `ParaMelhoria`, `ParaIngresso`, `TemInterno`, `Sexo`, `Idade`, `Curso`, `CIF`, `Class_Exam`, `CFD`) VALUES (36, '0002', '1', '639', 'S', 'S', 'N', 'S', 'S', 'M', 18, 'C61', 11, 77, 10);
INSERT INTO `tblHomologa_2013` (`ID`, `Escola`, `Fase`, `Exame`, `ParaAprov`, `Interno`, `ParaMelhoria`, `ParaIngresso`, `TemInterno`, `Sexo`, `Idade`, `Curso`, `CIF`, `Class_Exam`, `CFD`) VALUES (37, '0002', '1', '639', 'S', 'S', 'N', 'S', 'S', 'M', 18, 'C62', 10, 70, 9);
INSERT INTO `tblHomologa_2013` (`ID`, `Escola`, `Fase`, `Exame`, `ParaAprov`, `Interno`, `ParaMelhoria`, `ParaIngresso`, `TemInterno`, `Sexo`, `Idade`, `Curso`, `CIF`, `Class_Exam`, `CFD`) VALUES (38, '0002', '1', '639', 'N', 'N', 'N', 'S', 'N', 'F', 18, 'P69', NULL, 70, 7);
INSERT INTO `tblHomologa_2013` (`ID`, `Escola`, `Fase`, `Exame`, `ParaAprov`, `Interno`, `ParaMelhoria`, `ParaIngresso`, `TemInterno`, `Sexo`, `Idade`, `Curso`, `CIF`, `Class_Exam`, `CFD`) VALUES (39, '0002', '1', '639', 'S', 'S', 'N', 'S', 'S', 'F', 17, 'C60', 13, 108, 12);
INSERT INTO `tblHomologa_2013` (`ID`, `Escola`, `Fase`, `Exame`, `ParaAprov`, `Interno`, `ParaMelhoria`, `ParaIngresso`, `TemInterno`, `Sexo`, `Idade`, `Curso`, `CIF`, `Class_Exam`, `CFD`) VALUES (40, '0002', '1', '639', 'S', 'S', 'N', 'S', 'S', 'M', 17, 'C60', 15, 118, 14);
INSERT INTO `tblHomologa_2013` (`ID`, `Escola`, `Fase`, `Exame`, `ParaAprov`, `Interno`, `ParaMelhoria`, `ParaIngresso`, `TemInterno`, `Sexo`, `Idade`, `Curso`, `CIF`, `Class_Exam`, `CFD`) VALUES (41, '0002', '1', '639', 'S', 'S', 'N', 'S', 'S', 'M', 17, 'C60', 12, 96, 11);
INSERT INTO `tblHomologa_2013` (`ID`, `Escola`, `Fase`, `Exame`, `ParaAprov`, `Interno`, `ParaMelhoria`, `ParaIngresso`, `TemInterno`, `Sexo`, `Idade`, `Curso`, `CIF`, `Class_Exam`, `CFD`) VALUES (42, '0002', '1', '639', 'S', 'S', 'N', 'S', 'S', 'F', 17, 'C60', 14, 120, 13);
INSERT INTO `tblHomologa_2013` (`ID`, `Escola`, `Fase`, `Exame`, `ParaAprov`, `Interno`, `ParaMelhoria`, `ParaIngresso`, `TemInterno`, `Sexo`, `Idade`, `Curso`, `CIF`, `Class_Exam`, `CFD`) VALUES (43, '0002', '1', '639', 'S', 'N', 'N', 'S', 'N', 'M', 21, 'C62', NULL, 29, 3);
INSERT INTO `tblHomologa_2013` (`ID`, `Escola`, `Fase`, `Exame`, `ParaAprov`, `Interno`, `ParaMelhoria`, `ParaIngresso`, `TemInterno`, `Sexo`, `Idade`, `Curso`, `CIF`, `Class_Exam`, `CFD`) VALUES (44, '0002', '1', '639', 'S', 'S', 'N', 'S', 'S', 'F', 17, 'C64', 12, 81, 11);
INSERT INTO `tblHomologa_2013` (`ID`, `Escola`, `Fase`, `Exame`, `ParaAprov`, `Interno`, `ParaMelhoria`, `ParaIngresso`, `TemInterno`, `Sexo`, `Idade`, `Curso`, `CIF`, `Class_Exam`, `CFD`) VALUES (45, '0002', '1', '639', 'S', 'S', 'N', 'S', 'S', 'M', 18, 'C60', 12, 105, 12);
INSERT INTO `tblHomologa_2013` (`ID`, `Escola`, `Fase`, `Exame`, `ParaAprov`, `Interno`, `ParaMelhoria`, `ParaIngresso`, `TemInterno`, `Sexo`, `Idade`, `Curso`, `CIF`, `Class_Exam`, `CFD`) VALUES (46, '0002', '1', '639', 'S', 'S', 'N', 'S', 'S', 'M', 17, 'C60', 13, 105, 12);
INSERT INTO `tblHomologa_2013` (`ID`, `Escola`, `Fase`, `Exame`, `ParaAprov`, `Interno`, `ParaMelhoria`, `ParaIngresso`, `TemInterno`, `Sexo`, `Idade`, `Curso`, `CIF`, `Class_Exam`, `CFD`) VALUES (47, '0002', '1', '639', 'N', 'N', 'N', 'S', 'N', 'F', 18, 'P28', NULL, 85, 9);
INSERT INTO `tblHomologa_2013` (`ID`, `Escola`, `Fase`, `Exame`, `ParaAprov`, `Interno`, `ParaMelhoria`, `ParaIngresso`, `TemInterno`, `Sexo`, `Idade`, `Curso`, `CIF`, `Class_Exam`, `CFD`) VALUES (48, '0002', '1', '639', 'S', 'S', 'N', 'S', 'S', 'M', 17, 'C60', 10, 67, 9);
INSERT INTO `tblHomologa_2013` (`ID`, `Escola`, `Fase`, `Exame`, `ParaAprov`, `Interno`, `ParaMelhoria`, `ParaIngresso`, `TemInterno`, `Sexo`, `Idade`, `Curso`, `CIF`, `Class_Exam`, `CFD`) VALUES (49, '0002', '1', '639', 'S', 'S', 'N', 'S', 'S', 'F', 17, 'C62', 11, 107, 11);
INSERT INTO `tblHomologa_2013` (`ID`, `Escola`, `Fase`, `Exame`, `ParaAprov`, `Interno`, `ParaMelhoria`, `ParaIngresso`, `TemInterno`, `Sexo`, `Idade`, `Curso`, `CIF`, `Class_Exam`, `CFD`) VALUES (50, '0002', '1', '639', 'S', 'S', 'N', 'S', 'S', 'M', 17, 'C62', 10, 55, 9);
INSERT INTO `tblHomologa_2013` (`ID`, `Escola`, `Fase`, `Exame`, `ParaAprov`, `Interno`, `ParaMelhoria`, `ParaIngresso`, `TemInterno`, `Sexo`, `Idade`, `Curso`, `CIF`, `Class_Exam`, `CFD`) VALUES (51, '0002', '1', '639', 'S', 'S', 'N', 'S', 'S', 'F', 17, 'C60', 15, 120, 14);
INSERT INTO `tblHomologa_2013` (`ID`, `Escola`, `Fase`, `Exame`, `ParaAprov`, `Interno`, `ParaMelhoria`, `ParaIngresso`, `TemInterno`, `Sexo`, `Idade`, `Curso`, `CIF`, `Class_Exam`, `CFD`) VALUES (52, '0002', '1', '639', 'S', 'S', 'N', 'S', 'S', 'F', 17, 'C60', 16, 141, 15);
